source_file,source_timestamp_seconds,raw_output_file,final_output_file,detected_impact_time_seconds,duration_seconds,peak_dbfs,tail_rms,second_transient_ratio,decision,reason
Assets/Audio/Fireplace/08_iron_wood_stove_fire_seed618808_48khz_loop.wav,0.0493,Assets/Audio/SFX/Footsteps/Wood/ExtractedRaw/Rejected/0001_08_iron_wood_stove_fire_seed618808_48khz_loop_000049ms.wav,,0.0160,0.2200,-12.00,0.087784,0.828,reject,"second strong transient, tail not quiet, continuous ambience/noise"
Assets/Audio/Fireplace/08_iron_wood_stove_fire_seed618808_48khz_loop.wav,0.2193,Assets/Audio/SFX/Footsteps/Wood/ExtractedRaw/Rejected/0002_08_iron_wood_stove_fire_seed618808_48khz_loop_000219ms.wav,,0.0160,0.2200,-12.00,0.051821,0.598,reject,"tail not quiet, continuous ambience/noise"
Assets/Audio/Fireplace/08_iron_wood_stove_fire_seed618808_48khz_loop.wav,0.5134,Assets/Audio/SFX/Footsteps/Wood/ExtractedRaw/Rejected/0003_08_iron_wood_stove_fire_seed618808_48khz_loop_000513ms.wav,,0.0160,0.2200,-12.00,0.049129,0.805,reject,"second strong transient, tail not quiet, continuous ambience/noise"
Assets/Audio/Fireplace/08_iron_wood_stove_fire_seed618808_48khz_loop.wav,0.6546,Assets/Audio/SFX/Footsteps/Wood/ExtractedRaw/Rejected/0004_08_iron_wood_stove_fire_seed618808_48khz_loop_000655ms.wav,,0.0160,0.2200,-12.00,0.058939,1.352,reject,"second strong transient, tail not quiet, continuous ambience/noise"
Assets/Audio/Fireplace/08_iron_wood_stove_fire_seed618808_48khz_loop.wav,0.8135,Assets/Audio/SFX/Footsteps/Wood/ExtractedRaw/Rejected/0005_08_iron_wood_stove_fire_seed618808_48khz_loop_000813ms.wav,,0.0160,0.2200,-12.00,0.093531,0.978,reject,"second strong transient, tail not quiet, continuous ambience/noise"
Assets/Audio/Fireplace/08_iron_wood_stove_fire_seed618808_48khz_loop.wav,1.0101,Assets/Audio/SFX/Footsteps/Wood/ExtractedRaw/Rejected/0006_08_iron_wood_stove_fire_seed618808_48khz_loop_001010ms.wav,,0.0160,0.2200,-12.00,0.061203,0.743,reject,"second strong transient, tail not quiet, continuous ambience/noise"
Assets/Audio/Fireplace/08_iron_wood_stove_fire_seed618808_48khz_loop.wav,1.2561,Assets/Audio/SFX/Footsteps/Wood/ExtractedRaw/Rejected/0007_08_iron_wood_stove_fire_seed618808_48khz_loop_001256ms.wav,,0.0160,0.2200,-12.00,0.034861,0.481,reject,continuous ambience/noise
Assets/Audio/Fireplace/08_iron_wood_stove_fire_seed618808_48khz_loop.wav,1.4754,Assets/Audio/SFX/Footsteps/Wood/ExtractedRaw/Rejected/0008_08_iron_wood_stove_fire_seed618808_48khz_loop_001475ms.wav,,0.0160,0.2200,-12.00,0.041686,1.338,reject,"second strong transient, continuous ambience/noise"
Assets/Audio/Fireplace/08_iron_wood_stove_fire_seed618808_48khz_loop.wav,1.8791,Assets/Audio/SFX/Footsteps/Wood/ExtractedRaw/Rejected/0009_08_iron_wood_stove_fire_seed618808_48khz_loop_001879ms.wav,,0.0160,0.2200,-12.00,0.076650,1.163,reject,"second strong transient, tail not quiet, continuous ambience/noise"
Assets/Audio/Fireplace/08_iron_wood_stove_fire_seed618808_48khz_loop.wav,2.0934,Assets/Audio/SFX/Footsteps/Wood/ExtractedRaw/Rejected/0010_08_iron_wood_stove_fire_seed618808_48khz_loop_002093ms.wav,,0.0160,0.2200,-12.00,0.094282,0.937,reject,"second strong transient, tail not quiet, continuous ambience/noise"
Assets/Audio/Fireplace/08_iron_wood_stove_fire_seed618808_48khz_loop.wav,2.2741,Assets/Audio/SFX/Footsteps/Wood/ExtractedRaw/Rejected/0011_08_iron_wood_stove_fire_seed618808_48khz_loop_002274ms.wav,,0.0160,0.2200,-12.00,0.053844,1.311,reject,"second strong transient, tail not quiet, continuous ambience/noise"
Assets/Audio/Fireplace/08_iron_wood_stove_fire_seed618808_48khz_loop.wav,2.5032,Assets/Audio/SFX/Footsteps/Wood/ExtractedRaw/Rejected/0012_08_iron_wood_stove_fire_seed618808_48khz_loop_002503ms.wav,,0.0160,0.2200,-12.00,0.063128,0.918,reject,"second strong transient, tail not quiet, continuous ambience/noise"
Assets/Audio/Fireplace/08_iron_wood_stove_fire_seed618808_48khz_loop.wav,2.7601,Assets/Audio/SFX/Footsteps/Wood/ExtractedRaw/Rejected/0013_08_iron_wood_stove_fire_seed618808_48khz_loop_002760ms.wav,,0.0160,0.2200,-12.00,0.089564,1.338,reject,"second strong transient, tail not quiet, continuous ambience/noise"
Assets/Audio/Fireplace/08_iron_wood_stove_fire_seed618808_48khz_loop.wav,3.0335,Assets/Audio/SFX/Footsteps/Wood/ExtractedRaw/Rejected/0014_08_iron_wood_stove_fire_seed618808_48khz_loop_003033ms.wav,,0.0160,0.2200,-12.00,0.120698,1.156,reject,"second strong transient, tail not quiet, continuous ambience/noise"
Assets/Audio/Fireplace/08_iron_wood_stove_fire_seed618808_48khz_loop.wav,3.2125,Assets/Audio/SFX/Footsteps/Wood/ExtractedRaw/Rejected/0015_08_iron_wood_stove_fire_seed618808_48khz_loop_003212ms.wav,,0.0160,0.2200,-12.00,0.052503,0.688,reject,"tail not quiet, continuous ambience/noise"
Assets/Audio/Fireplace/08_iron_wood_stove_fire_seed618808_48khz_loop.wav,3.4439,Assets/Audio/SFX/Footsteps/Wood/ExtractedRaw/Rejected/0016_08_iron_wood_stove_fire_seed618808_48khz_loop_003444ms.wav,,0.0160,0.2200,-12.00,0.080537,1.013,reject,"second strong transient, tail not quiet, continuous ambience/noise"
Assets/Audio/Fireplace/08_iron_wood_stove_fire_seed618808_48khz_loop.wav,3.6238,Assets/Audio/SFX/Footsteps/Wood/ExtractedRaw/Rejected/0017_08_iron_wood_stove_fire_seed618808_48khz_loop_003624ms.wav,,0.0160,0.2200,-12.00,0.081234,0.832,reject,"second strong transient, tail not quiet, continuous ambience/noise"
Assets/Audio/Fireplace/08_iron_wood_stove_fire_seed618808_48khz_loop.wav,3.7964,Assets/Audio/SFX/Footsteps/Wood/ExtractedRaw/Rejected/0018_08_iron_wood_stove_fire_seed618808_48khz_loop_003796ms.wav,,0.0160,0.2200,-12.00,0.072609,1.018,reject,"second strong transient, tail not quiet, continuous ambience/noise"
Assets/Audio/Fireplace/08_iron_wood_stove_fire_seed618808_48khz_loop.wav,3.9238,Assets/Audio/SFX/Footsteps/Wood/ExtractedRaw/Rejected/0019_08_iron_wood_stove_fire_seed618808_48khz_loop_003924ms.wav,,0.0160,0.2200,-12.00,0.052852,1.354,reject,"second strong transient, tail not quiet, continuous ambience/noise"
Assets/Audio/Fireplace/08_iron_wood_stove_fire_seed618808_48khz_loop.wav,4.0860,Assets/Audio/SFX/Footsteps/Wood/ExtractedRaw/Rejected/0020_08_iron_wood_stove_fire_seed618808_48khz_loop_004086ms.wav,,0.0160,0.2200,-12.00,0.078294,1.003,reject,"second strong transient, tail not quiet, continuous ambience/noise"
Assets/Audio/Fireplace/08_iron_wood_stove_fire_seed618808_48khz_loop.wav,4.2398,Assets/Audio/SFX/Footsteps/Wood/ExtractedRaw/Rejected/0021_08_iron_wood_stove_fire_seed618808_48khz_loop_004240ms.wav,,0.0160,0.2200,-12.00,0.078976,1.031,reject,"second strong transient, tail not quiet, continuous ambience/noise"
Assets/Audio/Fireplace/08_iron_wood_stove_fire_seed618808_48khz_loop.wav,4.4202,Assets/Audio/SFX/Footsteps/Wood/ExtractedRaw/Rejected/0022_08_iron_wood_stove_fire_seed618808_48khz_loop_004420ms.wav,,0.0160,0.2200,-12.00,0.038328,1.299,reject,"second strong transient, continuous ambience/noise"
Assets/Audio/Fireplace/08_iron_wood_stove_fire_seed618808_48khz_loop.wav,4.5750,Assets/Audio/SFX/Footsteps/Wood/ExtractedRaw/Rejected/0023_08_iron_wood_stove_fire_seed618808_48khz_loop_004575ms.wav,,0.0160,0.2200,-12.00,0.029645,0.402,reject,continuous ambience/noise
Assets/Audio/Fireplace/08_iron_wood_stove_fire_seed618808_48khz_loop.wav,4.8317,Assets/Audio/SFX/Footsteps/Wood/ExtractedRaw/Rejected/0024_08_iron_wood_stove_fire_seed618808_48khz_loop_004832ms.wav,,0.0160,0.2200,-12.00,0.081057,1.051,reject,"second strong transient, tail not quiet, continuous ambience/noise"
Assets/Audio/Fireplace/08_iron_wood_stove_fire_seed618808_48khz_loop.wav,5.1162,Assets/Audio/SFX/Footsteps/Wood/ExtractedRaw/Rejected/0025_08_iron_wood_stove_fire_seed618808_48khz_loop_005116ms.wav,,0.0160,0.2200,-12.00,0.041527,1.397,reject,"second strong transient, continuous ambience/noise"
Assets/Audio/Fireplace/08_iron_wood_stove_fire_seed618808_48khz_loop.wav,5.2434,Assets/Audio/SFX/Footsteps/Wood/ExtractedRaw/Rejected/0026_08_iron_wood_stove_fire_seed618808_48khz_loop_005243ms.wav,,0.0160,0.2200,-12.00,0.059862,0.897,reject,"second strong transient, tail not quiet, continuous ambience/noise"
Assets/Audio/Fireplace/08_iron_wood_stove_fire_seed618808_48khz_loop.wav,5.3711,Assets/Audio/SFX/Footsteps/Wood/ExtractedRaw/Rejected/0027_08_iron_wood_stove_fire_seed618808_48khz_loop_005371ms.wav,,0.0160,0.2200,-12.00,0.078045,0.787,reject,"second strong transient, tail not quiet, continuous ambience/noise"
Assets/Audio/Fireplace/08_iron_wood_stove_fire_seed618808_48khz_loop.wav,5.5894,Assets/Audio/SFX/Footsteps/Wood/ExtractedRaw/Rejected/0028_08_iron_wood_stove_fire_seed618808_48khz_loop_005589ms.wav,,0.0160,0.2200,-12.00,0.064491,1.265,reject,"second strong transient, tail not quiet, continuous ambience/noise"
Assets/Audio/Fireplace/08_iron_wood_stove_fire_seed618808_48khz_loop.wav,5.7203,Assets/Audio/SFX/Footsteps/Wood/ExtractedRaw/Rejected/0029_08_iron_wood_stove_fire_seed618808_48khz_loop_005720ms.wav,,0.0160,0.2200,-12.00,0.040152,0.683,reject,continuous ambience/noise
Assets/Audio/Fireplace/08_iron_wood_stove_fire_seed618808_48khz_loop.wav,6.0264,Assets/Audio/SFX/Footsteps/Wood/ExtractedRaw/Rejected/0030_08_iron_wood_stove_fire_seed618808_48khz_loop_006026ms.wav,,0.0160,0.2200,-12.00,0.056659,0.847,reject,"second strong transient, tail not quiet, continuous ambience/noise"
Assets/Audio/Fireplace/08_iron_wood_stove_fire_seed618808_48khz_loop.wav,6.2222,Assets/Audio/SFX/Footsteps/Wood/ExtractedRaw/Rejected/0031_08_iron_wood_stove_fire_seed618808_48khz_loop_006222ms.wav,,0.0160,0.2200,-12.00,0.080565,0.998,reject,"second strong transient, tail not quiet, continuous ambience/noise"
Assets/Audio/Fireplace/08_iron_wood_stove_fire_seed618808_48khz_loop.wav,6.3480,Assets/Audio/SFX/Footsteps/Wood/ExtractedRaw/Rejected/0032_08_iron_wood_stove_fire_seed618808_48khz_loop_006348ms.wav,,0.0160,0.2200,-12.00,0.063102,0.679,reject,"tail not quiet, continuous ambience/noise"
Assets/Audio/Fireplace/08_iron_wood_stove_fire_seed618808_48khz_loop.wav,6.7449,Assets/Audio/SFX/Footsteps/Wood/ExtractedRaw/Rejected/0033_08_iron_wood_stove_fire_seed618808_48khz_loop_006745ms.wav,,0.0160,0.2200,-12.00,0.083231,0.802,reject,"second strong transient, tail not quiet, continuous ambience/noise"
Assets/Audio/Fireplace/08_iron_wood_stove_fire_seed618808_48khz_loop.wav,6.9932,Assets/Audio/SFX/Footsteps/Wood/ExtractedRaw/Rejected/0034_08_iron_wood_stove_fire_seed618808_48khz_loop_006993ms.wav,,0.0160,0.2200,-12.00,0.061039,0.590,reject,"tail not quiet, continuous ambience/noise"
Assets/Audio/Fireplace/08_iron_wood_stove_fire_seed618808_48khz_loop.wav,7.1921,Assets/Audio/SFX/Footsteps/Wood/ExtractedRaw/Rejected/0035_08_iron_wood_stove_fire_seed618808_48khz_loop_007192ms.wav,,0.0160,0.2200,-12.00,0.048505,0.883,reject,"second strong transient, tail not quiet, continuous ambience/noise"
Assets/Audio/Fireplace/08_iron_wood_stove_fire_seed618808_48khz_loop.wav,7.6149,Assets/Audio/SFX/Footsteps/Wood/ExtractedRaw/Rejected/0036_08_iron_wood_stove_fire_seed618808_48khz_loop_007615ms.wav,,0.0160,0.2200,-12.00,0.076247,0.722,reject,"second strong transient, tail not quiet, continuous ambience/noise"
Assets/Audio/Fireplace/08_iron_wood_stove_fire_seed618808_48khz_loop.wav,7.9019,Assets/Audio/SFX/Footsteps/Wood/ExtractedRaw/Rejected/0037_08_iron_wood_stove_fire_seed618808_48khz_loop_007902ms.wav,,0.0160,0.2200,-12.00,0.063707,1.127,reject,"second strong transient, tail not quiet, continuous ambience/noise"
Assets/Audio/Fireplace/08_iron_wood_stove_fire_seed618808_48khz_loop.wav,8.0935,Assets/Audio/SFX/Footsteps/Wood/ExtractedRaw/Rejected/0038_08_iron_wood_stove_fire_seed618808_48khz_loop_008093ms.wav,,0.0160,0.2200,-12.00,0.065036,0.924,reject,"second strong transient, tail not quiet, continuous ambience/noise"
Assets/Audio/Fireplace/08_iron_wood_stove_fire_seed618808_48khz_loop.wav,8.3866,Assets/Audio/SFX/Footsteps/Wood/ExtractedRaw/Rejected/0039_08_iron_wood_stove_fire_seed618808_48khz_loop_008387ms.wav,,0.0160,0.2200,-12.00,0.049663,0.629,reject,"tail not quiet, continuous ambience/noise"
Assets/Audio/Fireplace/08_iron_wood_stove_fire_seed618808_48khz_loop.wav,8.6407,Assets/Audio/SFX/Footsteps/Wood/ExtractedRaw/Rejected/0040_08_iron_wood_stove_fire_seed618808_48khz_loop_008641ms.wav,,0.0160,0.2200,-12.00,0.039560,0.855,reject,"second strong transient, continuous ambience/noise"
Assets/Audio/Fireplace/08_iron_wood_stove_fire_seed618808_48khz_loop.wav,8.7712,Assets/Audio/SFX/Footsteps/Wood/ExtractedRaw/Rejected/0041_08_iron_wood_stove_fire_seed618808_48khz_loop_008771ms.wav,,0.0160,0.2200,-12.00,0.065599,1.024,reject,"second strong transient, tail not quiet, continuous ambience/noise"
Assets/Audio/Fireplace/08_iron_wood_stove_fire_seed618808_48khz_loop.wav,8.9575,Assets/Audio/SFX/Footsteps/Wood/ExtractedRaw/Rejected/0042_08_iron_wood_stove_fire_seed618808_48khz_loop_008958ms.wav,,0.0160,0.2200,-12.00,0.055585,1.021,reject,"second strong transient, tail not quiet, continuous ambience/noise"
Assets/Audio/Sound Exports/@hamzak - stair_climb_noise.wav,0.1837,Assets/Audio/SFX/Footsteps/Wood/ExtractedRaw/Accepted/0043_hamzak_stair_climb_noise_000184ms.wav,,0.0160,0.2200,-12.00,0.000450,0.026,accept,accepted
Assets/Audio/Sound Exports/@hamzak - stair_climb_noise.wav,0.7816,Assets/Audio/SFX/Footsteps/Wood/ExtractedRaw/Accepted/0044_hamzak_stair_climb_noise_000782ms.wav,,0.0160,0.2200,-12.00,0.000094,0.040,accept,accepted
Assets/Audio/Sound Exports/@hamzak - stair_climb_noise.wav,1.4154,Assets/Audio/SFX/Footsteps/Wood/ExtractedRaw/Accepted/0045_hamzak_stair_climb_noise_001415ms.wav,,0.0160,0.2200,-12.00,0.000907,0.053,accept,accepted
Assets/Audio/Sound Exports/@hamzak - stair_climb_noise.wav,1.5494,Assets/Audio/SFX/Footsteps/Wood/ExtractedRaw/Accepted/0046_hamzak_stair_climb_noise_001549ms.wav,,0.0160,0.2200,-12.00,0.004031,0.056,accept,accepted
Assets/Audio/Sound Exports/@hamzak - stair_climb_noise.wav,1.9737,Assets/Audio/SFX/Footsteps/Wood/ExtractedRaw/Accepted/0047_hamzak_stair_climb_noise_001974ms.wav,,0.0160,0.2200,-12.00,0.000670,0.037,accept,accepted
Assets/Audio/Sound Exports/@hamzak - stair_climb_noise.wav,2.4993,Assets/Audio/SFX/Footsteps/Wood/ExtractedRaw/Accepted/0048_hamzak_stair_climb_noise_002499ms.wav,,0.0160,0.2200,-12.00,0.000470,0.074,accept,accepted
Assets/Audio/Sound Exports/@hamzak - stair_climb_noise.wav,3.0548,Assets/Audio/SFX/Footsteps/Wood/ExtractedRaw/Accepted/0049_hamzak_stair_climb_noise_003055ms.wav,,0.0160,0.2200,-12.00,0.000173,0.127,accept,accepted
Assets/Audio/Sound Exports/@hamzak - stair_climb_noise.wav,3.5824,Assets/Audio/SFX/Footsteps/Wood/ExtractedRaw/Accepted/0050_hamzak_stair_climb_noise_003582ms.wav,,0.0160,0.2200,-12.00,0.000249,0.020,accept,accepted
Assets/Audio/Sound Exports/@hamzak - stair_climb_noise.wav,4.1181,Assets/Audio/SFX/Footsteps/Wood/ExtractedRaw/Accepted/0051_hamzak_stair_climb_noise_004118ms.wav,,0.0160,0.2200,-12.00,0.000126,0.036,accept,accepted
Assets/Audio/Sound Exports/@hamzak - stair_climb_noise.wav,4.6726,Assets/Audio/SFX/Footsteps/Wood/ExtractedRaw/Accepted/0052_hamzak_stair_climb_noise_004673ms.wav,,0.0160,0.2200,-12.00,0.000077,0.035,accept,accepted
Assets/Audio/Sound Exports/@hamzak - stair_climb_noise.wav,5.2276,Assets/Audio/SFX/Footsteps/Wood/ExtractedRaw/Accepted/0053_hamzak_stair_climb_noise_005228ms.wav,,0.0160,0.2200,-12.00,0.000209,0.039,accept,accepted
Assets/Audio/Sound Exports/@hamzak - stair_climb_noise.wav,5.7562,Assets/Audio/SFX/Footsteps/Wood/ExtractedRaw/Accepted/0054_hamzak_stair_climb_noise_005756ms.wav,,0.0160,0.2200,-12.00,0.000366,0.046,accept,accepted
Assets/Audio/Sound Exports/@hamzak - stair_climb_noise.wav,6.2589,Assets/Audio/SFX/Footsteps/Wood/ExtractedRaw/Accepted/0055_hamzak_stair_climb_noise_006259ms.wav,,0.0160,0.2200,-12.00,0.000377,0.085,accept,accepted
Assets/Audio/Sound Exports/@hamzak - stair_climb_noise.wav,6.3878,Assets/Audio/SFX/Footsteps/Wood/ExtractedRaw/Accepted/0056_hamzak_stair_climb_noise_006388ms.wav,,0.0160,0.2200,-12.00,0.004045,0.166,accept,accepted
Assets/Audio/Sound Exports/@hamzak - walkingupstair.wav,0.0229,Assets/Audio/SFX/Footsteps/Wood/ExtractedRaw/Accepted/0057_hamzak_walkingupstair_000023ms.wav,,0.0160,0.2200,-12.00,0.011540,0.440,accept,accepted
Assets/Audio/Sound Exports/@hamzak - walkingupstair.wav,0.1599,Assets/Audio/SFX/Footsteps/Wood/ExtractedRaw/Accepted/0058_hamzak_walkingupstair_000160ms.wav,,0.0160,0.2200,-12.00,0.010286,0.425,accept,accepted
Assets/Audio/Sound Exports/@hamzak - walkingupstair.wav,0.3436,Assets/Audio/SFX/Footsteps/Wood/ExtractedRaw/Accepted/0059_hamzak_walkingupstair_000344ms.wav,,0.0160,0.2200,-12.00,0.009568,0.519,accept,accepted
Assets/Audio/Sound Exports/@hamzak - walkingupstair.wav,0.9627,Assets/Audio/SFX/Footsteps/Wood/ExtractedRaw/Accepted/0060_hamzak_walkingupstair_000963ms.wav,,0.0160,0.2200,-12.00,0.009453,0.282,accept,accepted
Assets/Audio/Sound Exports/@hamzak - walkingupstair.wav,1.4796,Assets/Audio/SFX/Footsteps/Wood/ExtractedRaw/Rejected/0061_hamzak_walkingupstair_001480ms.wav,,0.0160,0.2200,-12.00,0.021750,0.941,reject,second strong transient
Assets/Audio/Sound Exports/@hamzak - walkingupstair.wav,1.8905,Assets/Audio/SFX/Footsteps/Wood/ExtractedRaw/Accepted/0062_hamzak_walkingupstair_001891ms.wav,,0.0160,0.2200,-12.00,0.009719,0.304,accept,accepted
Assets/Audio/Sound Exports/@hamzak - walkingupstair.wav,2.0388,Assets/Audio/SFX/Footsteps/Wood/ExtractedRaw/Rejected/0063_hamzak_walkingupstair_002039ms.wav,,0.0160,0.2200,-12.00,0.033040,0.421,reject,continuous ambience/noise
Assets/Audio/Sound Exports/@hamzak - walkingupstair.wav,2.1902,Assets/Audio/SFX/Footsteps/Wood/ExtractedRaw/Accepted/0064_hamzak_walkingupstair_002190ms.wav,,0.0160,0.2200,-12.00,0.014301,0.582,accept,accepted
Assets/Audio/Sound Exports/@hamzak - walkingupstair.wav,2.8278,Assets/Audio/SFX/Footsteps/Wood/ExtractedRaw/Accepted/0065_hamzak_walkingupstair_002828ms.wav,,0.0160,0.2200,-12.00,0.006243,0.617,accept,accepted
Assets/Audio/Sound Exports/@hamzak - walkingupstair.wav,3.0513,Assets/Audio/SFX/Footsteps/Wood/ExtractedRaw/Accepted/0066_hamzak_walkingupstair_003051ms.wav,,0.0160,0.2200,-12.00,0.006537,0.371,accept,accepted
Assets/Audio/Sound Exports/@hamzak - walkingupstair.wav,3.3326,Assets/Audio/SFX/Footsteps/Wood/ExtractedRaw/Accepted/0067_hamzak_walkingupstair_003333ms.wav,,0.0160,0.2200,-12.00,0.004206,0.182,accept,accepted
Assets/Audio/Sound Exports/@hamzak - walkingupstair.wav,3.7534,Assets/Audio/SFX/Footsteps/Wood/ExtractedRaw/Accepted/0068_hamzak_walkingupstair_003753ms.wav,,0.0160,0.2200,-12.00,0.009695,0.412,accept,accepted
Assets/Audio/Sound Exports/@hamzak - walkingupstair.wav,4.2020,Assets/Audio/SFX/Footsteps/Wood/ExtractedRaw/Accepted/0069_hamzak_walkingupstair_004202ms.wav,,0.0160,0.2200,-12.00,0.012270,0.290,accept,accepted
Assets/Audio/Sound Exports/@hamzak - walkingupstair.wav,4.7293,Assets/Audio/SFX/Footsteps/Wood/ExtractedRaw/Accepted/0070_hamzak_walkingupstair_004729ms.wav,,0.0160,0.2200,-12.00,0.006294,0.657,accept,accepted
Assets/Audio/Sound Exports/@hamzak - walkingupstair.wav,5.6050,Assets/Audio/SFX/Footsteps/Wood/ExtractedRaw/Accepted/0071_hamzak_walkingupstair_005605ms.wav,,0.0160,0.2200,-12.00,0.009130,0.490,accept,accepted
Assets/Audio/Sound Exports/@hamzak - walkingupstair.wav,5.7444,Assets/Audio/SFX/Footsteps/Wood/ExtractedRaw/Rejected/0072_hamzak_walkingupstair_005744ms.wav,,0.0160,0.2200,-12.00,0.013478,0.822,reject,second strong transient
Assets/Audio/Sound Exports/@hamzak - walkingupstair.wav,6.4975,Assets/Audio/SFX/Footsteps/Wood/ExtractedRaw/Accepted/0073_hamzak_walkingupstair_006497ms.wav,,0.0160,0.2200,-12.00,0.015301,0.647,accept,accepted
Assets/Audio/Sound Exports/@hamzak - walkingupstair.wav,6.6200,Assets/Audio/SFX/Footsteps/Wood/ExtractedRaw/Rejected/0074_hamzak_walkingupstair_006620ms.wav,,0.0160,0.2200,-12.00,0.011071,1.219,reject,second strong transient
Assets/Audio/Sound Exports/@hamzak - walkingupstair.wav,6.7463,Assets/Audio/SFX/Footsteps/Wood/ExtractedRaw/Accepted/0075_hamzak_walkingupstair_006746ms.wav,,0.0160,0.2200,-12.00,0.008540,0.276,accept,accepted
Assets/Audio/Sound Exports/@hamzak - walkingupstair.wav,7.1290,Assets/Audio/SFX/Footsteps/Wood/ExtractedRaw/Accepted/0076_hamzak_walkingupstair_007129ms.wav,,0.0160,0.2200,-12.00,0.019680,0.428,accept,accepted
Assets/Audio/Sound Exports/@hamzak - walkingupstair.wav,7.4165,Assets/Audio/SFX/Footsteps/Wood/ExtractedRaw/Accepted/0077_hamzak_walkingupstair_007417ms.wav,,0.0160,0.2200,-12.00,0.009276,0.495,accept,accepted
Assets/Audio/Sound Exports/@hamzak - walkingupstair.wav,7.6434,Assets/Audio/SFX/Footsteps/Wood/ExtractedRaw/Accepted/0078_hamzak_walkingupstair_007643ms.wav,,0.0160,0.2200,-12.00,0.005482,0.221,accept,accepted
Assets/Audio/Sound Exports/@hamzak - walkingupstair.wav,7.7987,Assets/Audio/SFX/Footsteps/Wood/ExtractedRaw/Rejected/0079_hamzak_walkingupstair_007799ms.wav,,0.0160,0.2200,-12.00,0.017031,0.725,reject,second strong transient
Assets/Audio/Sound Exports/@hamzak - walkingupstair.wav,8.3682,Assets/Audio/SFX/Footsteps/Wood/ExtractedRaw/Accepted/0080_hamzak_walkingupstair_008368ms.wav,,0.0160,0.2200,-12.00,0.017434,0.488,accept,accepted
Assets/Audio/Sound Exports/@hamzak - walkingupstair.wav,8.5068,Assets/Audio/SFX/Footsteps/Wood/ExtractedRaw/Accepted/0081_hamzak_walkingupstair_008507ms.wav,,0.0160,0.2200,-12.00,0.016869,0.460,accept,accepted
Assets/Audio/Sound Exports/@hamzak - walkingupstair.wav,8.6573,Assets/Audio/SFX/Footsteps/Wood/ExtractedRaw/Rejected/0082_hamzak_walkingupstair_008657ms.wav,,0.0160,0.2200,-12.00,0.015251,3.278,reject,second strong transient
Assets/Audio/Sound Exports/@hamzak - walkingupstair.wav,8.8026,Assets/Audio/SFX/Footsteps/Wood/ExtractedRaw/Accepted/0083_hamzak_walkingupstair_008803ms.wav,,0.0160,0.2200,-12.00,0.022069,0.403,accept,accepted
Assets/Audio/Sound Exports/@hamzak - walkingupstair.wav,8.9734,Assets/Audio/SFX/Footsteps/Wood/ExtractedRaw/Accepted/0084_hamzak_walkingupstair_008973ms.wav,,0.0160,0.2200,-12.00,0.014370,0.304,accept,accepted
Assets/Audio/Sound Exports/@hamzak - walkingupstair.wav,9.3100,Assets/Audio/SFX/Footsteps/Wood/ExtractedRaw/Rejected/0085_hamzak_walkingupstair_009310ms.wav,,0.0160,0.2200,-12.00,0.025087,0.548,reject,continuous ambience/noise
Assets/Audio/Sound Exports/@hamzak - walkingupstair.wav,9.4683,Assets/Audio/SFX/Footsteps/Wood/ExtractedRaw/Accepted/0086_hamzak_walkingupstair_009468ms.wav,,0.0160,0.2200,-12.00,0.004309,0.186,accept,accepted
Assets/Audio/Sound Exports/@hamzak - walkingupstair.wav,9.8766,Assets/Audio/SFX/Footsteps/Wood/ExtractedRaw/Rejected/0087_hamzak_walkingupstair_009877ms.wav,,0.0160,0.2200,-12.00,0.020412,0.775,reject,"second strong transient, continuous ambience/noise"
Assets/Audio/Sound Exports/@hamzak - walkingupstair.wav,10.2676,Assets/Audio/SFX/Footsteps/Wood/ExtractedRaw/Accepted/0088_hamzak_walkingupstair_010268ms.wav,,0.0160,0.2200,-12.00,0.014540,0.554,accept,accepted
Assets/Audio/Sound Exports/@hamzak - walkingupstair.wav,10.4150,Assets/Audio/SFX/Footsteps/Wood/ExtractedRaw/Accepted/0089_hamzak_walkingupstair_010415ms.wav,,0.0160,0.2200,-12.00,0.005185,0.254,accept,accepted
Assets/Audio/Sound Exports/@hamzak - wood_tapping.wav,0.2703,Assets/Audio/SFX/Footsteps/Wood/ExtractedRaw/Accepted/0090_hamzak_wood_tapping_000270ms.wav,,0.0160,0.2200,-12.00,0.000094,0.003,accept,accepted
Assets/Audio/Sound Exports/@hamzak - wood_tapping.wav,0.5382,Assets/Audio/SFX/Footsteps/Wood/ExtractedRaw/Accepted/0091_hamzak_wood_tapping_000538ms.wav,,0.0160,0.2200,-12.00,0.000078,0.003,accept,accepted
Assets/Audio/Sound Exports/@hamzak - wood_tapping.wav,0.8072,Assets/Audio/SFX/Footsteps/Wood/ExtractedRaw/Accepted/0092_hamzak_wood_tapping_000807ms.wav,,0.0160,0.2200,-12.00,0.000100,0.002,accept,accepted
Assets/Audio/Sound Exports/@hamzak - woodcreak5.wav,0.2864,Assets/Audio/SFX/Footsteps/Wood/ExtractedRaw/Rejected/0093_hamzak_woodcreak5_000286ms.wav,,0.0160,0.2200,-12.00,0.044546,0.931,reject,"second strong transient, continuous ambience/noise"
Assets/Audio/Sound Exports/@hamzak - woodcreak5.wav,0.6191,Assets/Audio/SFX/Footsteps/Wood/ExtractedRaw/Rejected/0094_hamzak_woodcreak5_000619ms.wav,,0.0160,0.2200,-12.00,0.038817,0.848,reject,"second strong transient, continuous ambience/noise"
Assets/Audio/Sound Exports/@hamzak - woodcreak5.wav,0.8286,Assets/Audio/SFX/Footsteps/Wood/ExtractedRaw/Rejected/0095_hamzak_woodcreak5_000829ms.wav,,0.0160,0.2200,-12.00,0.034754,0.826,reject,"second strong transient, continuous ambience/noise"
Assets/Audio/Sound Exports/@hamzak - woodcreak5.wav,1.0793,Assets/Audio/SFX/Footsteps/Wood/ExtractedRaw/Rejected/0096_hamzak_woodcreak5_001079ms.wav,,0.0160,0.2200,-12.00,0.029065,0.961,reject,"second strong transient, continuous ambience/noise"
Assets/Audio/Sound Exports/@hamzak - woodcreak5.wav,1.2015,Assets/Audio/SFX/Footsteps/Wood/ExtractedRaw/Rejected/0097_hamzak_woodcreak5_001201ms.wav,,0.0160,0.2200,-12.00,0.038834,1.030,reject,"second strong transient, continuous ambience/noise"
Assets/Audio/Sound Exports/@hamzak - woodcreak5.wav,1.4157,Assets/Audio/SFX/Footsteps/Wood/ExtractedRaw/Rejected/0098_hamzak_woodcreak5_001416ms.wav,,0.0160,0.2200,-12.00,0.037197,0.943,reject,"second strong transient, continuous ambience/noise"
Assets/Audio/Sound Exports/@hamzak - woodcreak5.wav,1.5437,Assets/Audio/SFX/Footsteps/Wood/ExtractedRaw/Rejected/0099_hamzak_woodcreak5_001544ms.wav,,0.0160,0.2200,-12.00,0.038301,1.091,reject,"second strong transient, continuous ambience/noise"
Assets/Audio/Sound Exports/@hamzak - woodcreak5.wav,1.7191,Assets/Audio/SFX/Footsteps/Wood/ExtractedRaw/Rejected/0100_hamzak_woodcreak5_001719ms.wav,,0.0160,0.2200,-12.00,0.040500,1.006,reject,"second strong transient, continuous ambience/noise"
Assets/Audio/Sound Exports/@hamzak - woodcreak5.wav,1.9025,Assets/Audio/SFX/Footsteps/Wood/ExtractedRaw/Rejected/0101_hamzak_woodcreak5_001902ms.wav,,0.0160,0.2200,-12.00,0.019154,0.884,reject,second strong transient
Assets/Audio/Sound Exports/@hamzak - woodcreak5.wav,2.0401,Assets/Audio/SFX/Footsteps/Wood/ExtractedRaw/Rejected/0102_hamzak_woodcreak5_002040ms.wav,,0.0160,0.2200,-12.00,0.031500,0.873,reject,second strong transient
Assets/Audio/Sound Exports/@hamzak - woodcreak5.wav,3.0779,Assets/Audio/SFX/Footsteps/Wood/ExtractedRaw/Rejected/0103_hamzak_woodcreak5_003078ms.wav,,0.0160,0.2200,-12.00,0.031482,0.945,reject,"second strong transient, continuous ambience/noise"
Assets/Audio/Sound Exports/@hamzak - woodcreak5.wav,3.3076,Assets/Audio/SFX/Footsteps/Wood/ExtractedRaw/Rejected/0104_hamzak_woodcreak5_003308ms.wav,,0.0160,0.2200,-12.00,0.021184,1.072,reject,second strong transient
Assets/Audio/Sound Exports/@hamzak - woodcreak5.wav,3.4441,Assets/Audio/SFX/Footsteps/Wood/ExtractedRaw/Accepted/0105_hamzak_woodcreak5_003444ms.wav,,0.0160,0.2200,-12.00,0.021663,0.652,accept,accepted
Assets/Audio/Sound Exports/@hamzak - woodcreak5.wav,3.6355,Assets/Audio/SFX/Footsteps/Wood/ExtractedRaw/Rejected/0106_hamzak_woodcreak5_003635ms.wav,,0.0160,0.2200,-12.00,0.015426,1.077,reject,second strong transient
Assets/Audio/Sound Exports/@hamzak - woodcreak5.wav,3.7672,Assets/Audio/SFX/Footsteps/Wood/ExtractedRaw/Rejected/0107_hamzak_woodcreak5_003767ms.wav,,0.0160,0.2200,-12.00,0.034021,0.978,reject,second strong transient
Assets/Audio/Sound Exports/@hamzak - woodcreak5.wav,4.0201,Assets/Audio/SFX/Footsteps/Wood/ExtractedRaw/Rejected/0108_hamzak_woodcreak5_004020ms.wav,,0.0160,0.2200,-12.00,0.017017,0.955,reject,second strong transient
Assets/Audio/Sound Exports/@hamzak - woodcreak5.wav,4.1484,Assets/Audio/SFX/Footsteps/Wood/ExtractedRaw/Rejected/0109_hamzak_woodcreak5_004148ms.wav,,0.0160,0.2200,-12.00,0.033830,1.022,reject,second strong transient
Assets/Audio/Sound Exports/@hamzak - woodcreak5.wav,4.3340,Assets/Audio/SFX/Footsteps/Wood/ExtractedRaw/Accepted/0110_hamzak_woodcreak5_004334ms.wav,,0.0160,0.2200,-12.00,0.006377,0.408,accept,accepted
Assets/Audio/Sound Exports/@hamzak - woodcreak5.wav,4.5375,Assets/Audio/SFX/Footsteps/Wood/ExtractedRaw/Accepted/0111_hamzak_woodcreak5_004538ms.wav,,0.0160,0.2200,-12.00,0.010846,0.403,accept,accepted
Assets/Audio/Sound Exports/@hamzak - woodcreak5.wav,4.7469,Assets/Audio/SFX/Footsteps/Wood/ExtractedRaw/Accepted/0112_hamzak_woodcreak5_004747ms.wav,,0.0160,0.2200,-12.00,0.007084,0.348,accept,accepted
Assets/Audio/Sound Exports/@hamzak - woodcreak5.wav,5.0677,Assets/Audio/SFX/Footsteps/Wood/ExtractedRaw/Accepted/0113_hamzak_woodcreak5_005068ms.wav,,0.0160,0.2200,-12.00,0.005846,0.467,accept,accepted
Assets/Audio/Sound Exports/@hamzak - woodcreak5.wav,5.2733,Assets/Audio/SFX/Footsteps/Wood/ExtractedRaw/Accepted/0114_hamzak_woodcreak5_005273ms.wav,,0.0160,0.2200,-12.00,0.010468,0.303,accept,accepted
Assets/Audio/Sound Exports/@hamzak - woodcreak5.wav,5.4844,Assets/Audio/SFX/Footsteps/Wood/ExtractedRaw/Accepted/0115_hamzak_woodcreak5_005484ms.wav,,0.0160,0.2200,-12.00,0.007541,0.430,accept,accepted
Assets/Audio/Sound Exports/@hamzak - woodcreak5.wav,5.7046,Assets/Audio/SFX/Footsteps/Wood/ExtractedRaw/Accepted/0116_hamzak_woodcreak5_005705ms.wav,,0.0160,0.2200,-12.00,0.008023,0.421,accept,accepted
Assets/Audio/Sound Exports/@hamzak - woodcreak5.wav,5.9682,Assets/Audio/SFX/Footsteps/Wood/ExtractedRaw/Accepted/0117_hamzak_woodcreak5_005968ms.wav,,0.0160,0.2200,-12.00,0.010885,0.378,accept,accepted
Assets/Audio/Sound Exports/@hamzak - woodcreak5.wav,6.2061,Assets/Audio/SFX/Footsteps/Wood/ExtractedRaw/Rejected/0118_hamzak_woodcreak5_006206ms.wav,,0.0160,0.2200,-12.00,0.033213,1.042,reject,second strong transient
Assets/Audio/Sound Exports/@hamzak - woodcreakfast1.wav,0.3487,Assets/Audio/SFX/Footsteps/Wood/ExtractedRaw/Rejected/0119_hamzak_woodcreakfast1_000349ms.wav,,0.0160,0.2200,-12.00,0.051165,0.877,reject,"second strong transient, tail not quiet, continuous ambience/noise"
Assets/Audio/Sound Exports/@hamzak - woodcreakfast1.wav,1.0920,Assets/Audio/SFX/Footsteps/Wood/ExtractedRaw/Rejected/0120_hamzak_woodcreakfast1_001092ms.wav,,0.0160,0.2200,-12.00,0.051907,1.019,reject,"second strong transient, tail not quiet, continuous ambience/noise"
Assets/Audio/Sound Exports/@hamzak - woodcreakfast1.wav,1.2269,Assets/Audio/SFX/Footsteps/Wood/ExtractedRaw/Rejected/0121_hamzak_woodcreakfast1_001227ms.wav,,0.0160,0.2200,-12.00,0.047780,1.024,reject,"second strong transient, tail not quiet, continuous ambience/noise"
Assets/Audio/Sound Exports/@hamzak - woodcreaklong.wav,0.0350,Assets/Audio/SFX/Footsteps/Wood/ExtractedRaw/Rejected/0122_hamzak_woodcreaklong_000035ms.wav,,0.0160,0.2200,-12.00,0.035854,0.536,reject,continuous ambience/noise
Assets/Audio/Sound Exports/@hamzak - woodcreaklong.wav,0.3249,Assets/Audio/SFX/Footsteps/Wood/ExtractedRaw/Rejected/0123_hamzak_woodcreaklong_000325ms.wav,,0.0160,0.2200,-12.00,0.046143,0.728,reject,"second strong transient, tail not quiet, continuous ambience/noise"
Assets/Audio/Sound Exports/@hamzak - woodcreaklong.wav,2.7732,Assets/Audio/SFX/Footsteps/Wood/ExtractedRaw/Rejected/0124_hamzak_woodcreaklong_002773ms.wav,,0.0160,0.2200,-12.00,0.075911,0.901,reject,"second strong transient, tail not quiet, continuous ambience/noise"
Assets/Audio/Sound Exports/@hamzak - woodcreaklong.wav,3.1222,Assets/Audio/SFX/Footsteps/Wood/ExtractedRaw/Rejected/0125_hamzak_woodcreaklong_003122ms.wav,,0.0160,0.2200,-12.00,0.032103,0.873,reject,"second strong transient, continuous ambience/noise"
Assets/Audio/Sound Exports/@hamzak - woodcreaklong.wav,8.1352,Assets/Audio/SFX/Footsteps/Wood/ExtractedRaw/Rejected/0126_hamzak_woodcreaklong_008135ms.wav,,0.0160,0.2200,-12.00,0.055636,0.789,reject,"second strong transient, tail not quiet, continuous ambience/noise"
Assets/Audio/Sound Exports/@hamzak - woodcreaklong.wav,8.3046,Assets/Audio/SFX/Footsteps/Wood/ExtractedRaw/Rejected/0127_hamzak_woodcreaklong_008305ms.wav,,0.0160,0.2200,-12.00,0.069430,1.085,reject,"second strong transient, tail not quiet, continuous ambience/noise"
Assets/Audio/Sound Exports/@hamzak - woodcreaklong.wav,8.4734,Assets/Audio/SFX/Footsteps/Wood/ExtractedRaw/Rejected/0128_hamzak_woodcreaklong_008473ms.wav,,0.0160,0.2200,-12.00,0.048438,0.611,reject,"tail not quiet, continuous ambience/noise"
Assets/Audio/Sound Exports/@hamzak - woodcreaklong.wav,8.9637,Assets/Audio/SFX/Footsteps/Wood/ExtractedRaw/Rejected/0129_hamzak_woodcreaklong_008964ms.wav,,0.0160,0.2200,-12.00,0.061528,0.703,reject,"tail not quiet, continuous ambience/noise"
Assets/Audio/Sound Exports/@hamzak - woodcreaklong.wav,9.1554,Assets/Audio/SFX/Footsteps/Wood/ExtractedRaw/Rejected/0130_hamzak_woodcreaklong_009155ms.wav,,0.0160,0.2200,-12.00,0.082792,1.025,reject,"second strong transient, tail not quiet, continuous ambience/noise"
Assets/Audio/Sound Exports/@hamzak - woodcreaklong.wav,9.2942,Assets/Audio/SFX/Footsteps/Wood/ExtractedRaw/Rejected/0131_hamzak_woodcreaklong_009294ms.wav,,0.0160,0.2200,-12.00,0.089952,1.300,reject,"second strong transient, tail not quiet, continuous ambience/noise"
Assets/Audio/Sound Exports/@hamzak - woodcreaklong.wav,9.4627,Assets/Audio/SFX/Footsteps/Wood/ExtractedRaw/Rejected/0132_hamzak_woodcreaklong_009463ms.wav,,0.0160,0.2200,-12.00,0.051346,0.745,reject,"second strong transient, tail not quiet, continuous ambience/noise"
Assets/Audio/Sound Exports/@hamzak - woodcreaklong.wav,9.5886,Assets/Audio/SFX/Footsteps/Wood/ExtractedRaw/Rejected/0133_hamzak_woodcreaklong_009589ms.wav,,0.0160,0.2200,-12.00,0.055742,0.825,reject,"second strong transient, tail not quiet, continuous ambience/noise"
Assets/Audio/Sound Exports/@hamzak - woodcreaklong.wav,9.8400,Assets/Audio/SFX/Footsteps/Wood/ExtractedRaw/Rejected/0134_hamzak_woodcreaklong_009840ms.wav,,0.0160,0.2200,-12.00,0.063606,0.885,reject,"second strong transient, tail not quiet, continuous ambience/noise"
Assets/Audio/Sound Exports/@hamzak - woodcreaklong.wav,10.1379,Assets/Audio/SFX/Footsteps/Wood/ExtractedRaw/Rejected/0135_hamzak_woodcreaklong_010138ms.wav,,0.0160,0.2200,-12.00,0.030064,0.716,reject,continuous ambience/noise
Assets/Audio/Sound Exports/@hamzak - woodcreaklong.wav,10.4517,Assets/Audio/SFX/Footsteps/Wood/ExtractedRaw/Rejected/0136_hamzak_woodcreaklong_010452ms.wav,,0.0160,0.2200,-12.00,0.053220,0.654,reject,"tail not quiet, continuous ambience/noise"
Assets/Audio/Sound Exports/@hamzak - woodcreaklong.wav,10.6594,Assets/Audio/SFX/Footsteps/Wood/ExtractedRaw/Rejected/0137_hamzak_woodcreaklong_010659ms.wav,,0.0160,0.2200,-12.00,0.065140,0.991,reject,"second strong transient, tail not quiet, continuous ambience/noise"
Assets/Audio/Sound Exports/@hamzak - woodcreaklong.wav,11.0161,Assets/Audio/SFX/Footsteps/Wood/ExtractedRaw/Rejected/0138_hamzak_woodcreaklong_011016ms.wav,,0.0160,0.2200,-12.00,0.082783,0.851,reject,"second strong transient, tail not quiet, continuous ambience/noise"
Assets/Audio/Sound Exports/@hamzak - woodcreaklong.wav,12.2579,Assets/Audio/SFX/Footsteps/Wood/ExtractedRaw/Rejected/0139_hamzak_woodcreaklong_012258ms.wav,,0.0160,0.2200,-12.00,0.041986,0.968,reject,"second strong transient, continuous ambience/noise"
Assets/Audio/Sound Exports/@hamzak - woodcreaklong.wav,12.6131,Assets/Audio/SFX/Footsteps/Wood/ExtractedRaw/Rejected/0140_hamzak_woodcreaklong_012613ms.wav,,0.0160,0.2200,-12.00,0.055383,0.660,reject,"tail not quiet, continuous ambience/noise"
Assets/Audio/Sound Exports/@hamzak - woodcreaklong.wav,12.8237,Assets/Audio/SFX/Footsteps/Wood/ExtractedRaw/Rejected/0141_hamzak_woodcreaklong_012824ms.wav,,0.0160,0.2200,-12.00,0.049538,0.748,reject,"second strong transient, tail not quiet, continuous ambience/noise"
Assets/Audio/Sound Exports/@hamzak - woodcreaklong.wav,16.9399,Assets/Audio/SFX/Footsteps/Wood/ExtractedRaw/Accepted/0142_hamzak_woodcreaklong_016940ms.wav,,0.0160,0.2200,-12.00,0.009030,0.617,accept,accepted
Assets/Audio/Sound Exports/@hamzak - woodcreaklongreverb.wav,0.4072,Assets/Audio/SFX/Footsteps/Wood/ExtractedRaw/Rejected/0143_hamzak_woodcreaklongreverb_000407ms.wav,,0.0160,0.2200,-12.00,0.052098,0.978,reject,"second strong transient, tail not quiet, continuous ambience/noise"
Assets/Audio/Sound Exports/@hamzak - woodcreaklongreverb.wav,0.5698,Assets/Audio/SFX/Footsteps/Wood/ExtractedRaw/Rejected/0144_hamzak_woodcreaklongreverb_000570ms.wav,,0.0160,0.2200,-12.00,0.046855,0.837,reject,"second strong transient, tail not quiet, continuous ambience/noise"
Assets/Audio/Sound Exports/@hamzak - woodcreaklongreverb.wav,1.0178,Assets/Audio/SFX/Footsteps/Wood/ExtractedRaw/Rejected/0145_hamzak_woodcreaklongreverb_001018ms.wav,,0.0160,0.2200,-12.00,0.074985,0.910,reject,"second strong transient, tail not quiet, continuous ambience/noise"
Assets/Audio/Sound Exports/@hamzak - woodcreaklongreverb.wav,1.3946,Assets/Audio/SFX/Footsteps/Wood/ExtractedRaw/Rejected/0146_hamzak_woodcreaklongreverb_001395ms.wav,,0.0160,0.2200,-12.00,0.057488,1.001,reject,"second strong transient, tail not quiet, continuous ambience/noise"
Assets/Audio/Sound Exports/@hamzak - woodcreaklongreverb.wav,2.6152,Assets/Audio/SFX/Footsteps/Wood/ExtractedRaw/Rejected/0147_hamzak_woodcreaklongreverb_002615ms.wav,,0.0160,0.2200,-12.00,0.082052,1.047,reject,"second strong transient, tail not quiet, continuous ambience/noise"
Assets/Audio/Sound Exports/@hamzak - woodcreaklongreverb.wav,2.7773,Assets/Audio/SFX/Footsteps/Wood/ExtractedRaw/Rejected/0148_hamzak_woodcreaklongreverb_002777ms.wav,,0.0160,0.2200,-12.00,0.076798,0.924,reject,"second strong transient, tail not quiet, continuous ambience/noise"
Assets/Audio/Sound Exports/@hamzak - woodcreaklongreverb.wav,2.9403,Assets/Audio/SFX/Footsteps/Wood/ExtractedRaw/Rejected/0149_hamzak_woodcreaklongreverb_002940ms.wav,,0.0160,0.2200,-12.00,0.086808,0.958,reject,"second strong transient, tail not quiet, continuous ambience/noise"
Assets/Audio/Sound Exports/@hamzak - woodcreaklongreverb.wav,3.2320,Assets/Audio/SFX/Footsteps/Wood/ExtractedRaw/Rejected/0150_hamzak_woodcreaklongreverb_003232ms.wav,,0.0160,0.2200,-12.00,0.045784,0.779,reject,"second strong transient, tail not quiet, continuous ambience/noise"
Assets/Audio/Sound Exports/@hamzak - woodcreaklongreverb.wav,10.4898,Assets/Audio/SFX/Footsteps/Wood/ExtractedRaw/Rejected/0151_hamzak_woodcreaklongreverb_010490ms.wav,,0.0160,0.2200,-12.00,0.066898,0.829,reject,"second strong transient, tail not quiet, continuous ambience/noise"
Assets/Audio/Sound Exports/@hamzak - woodcreaklongreverb.wav,10.9430,Assets/Audio/SFX/Footsteps/Wood/ExtractedRaw/Rejected/0152_hamzak_woodcreaklongreverb_010943ms.wav,,0.0160,0.2200,-12.00,0.077440,0.967,reject,"second strong transient, tail not quiet, continuous ambience/noise"
Assets/Audio/Sound Exports/@hamzak - woodcreaklongreverb.wav,11.4336,Assets/Audio/SFX/Footsteps/Wood/ExtractedRaw/Rejected/0153_hamzak_woodcreaklongreverb_011434ms.wav,,0.0160,0.2200,-12.00,0.067790,0.910,reject,"second strong transient, tail not quiet, continuous ambience/noise"
Assets/Audio/Sound Exports/@hamzak - woodcreaklongreverb.wav,11.8074,Assets/Audio/SFX/Footsteps/Wood/ExtractedRaw/Rejected/0154_hamzak_woodcreaklongreverb_011807ms.wav,,0.0160,0.2200,-12.00,0.059684,0.993,reject,"second strong transient, tail not quiet, continuous ambience/noise"
Assets/Audio/Sound Exports/@hamzak - woodcreaklongreverb.wav,11.9365,Assets/Audio/SFX/Footsteps/Wood/ExtractedRaw/Rejected/0155_hamzak_woodcreaklongreverb_011936ms.wav,,0.0160,0.2200,-12.00,0.069604,0.935,reject,"second strong transient, tail not quiet, continuous ambience/noise"
Assets/Audio/Sound Exports/@hamzak - woodcreaklongreverb.wav,17.0274,Assets/Audio/SFX/Footsteps/Wood/ExtractedRaw/Accepted/0156_hamzak_woodcreaklongreverb_017027ms.wav,,0.0160,0.2200,-12.00,0.000354,0.444,accept,accepted
Assets/Audio/Sound Exports/@hamzak - woodcreakreverb.wav,0.3157,Assets/Audio/SFX/Footsteps/Wood/ExtractedRaw/Rejected/0157_hamzak_woodcreakreverb_000316ms.wav,,0.0160,0.2200,-12.00,0.047354,0.968,reject,"second strong transient, tail not quiet, continuous ambience/noise"
Assets/Audio/Sound Exports/@hamzak - woodcreakreverb.wav,0.4549,Assets/Audio/SFX/Footsteps/Wood/ExtractedRaw/Rejected/0158_hamzak_woodcreakreverb_000455ms.wav,,0.0160,0.2200,-12.00,0.033197,0.888,reject,"second strong transient, continuous ambience/noise"
Assets/Audio/Sound Exports/@hamzak - woodcreakreverb.wav,0.5855,Assets/Audio/SFX/Footsteps/Wood/ExtractedRaw/Rejected/0159_hamzak_woodcreakreverb_000585ms.wav,,0.0160,0.2200,-12.00,0.057018,1.162,reject,"second strong transient, tail not quiet, continuous ambience/noise"
Assets/Audio/Sound Exports/@hamzak - woodcreakreverb.wav,0.7391,Assets/Audio/SFX/Footsteps/Wood/ExtractedRaw/Rejected/0160_hamzak_woodcreakreverb_000739ms.wav,,0.0160,0.2200,-12.00,0.040758,0.908,reject,"second strong transient, continuous ambience/noise"
Assets/Audio/Sound Exports/@hamzak - woodcreakreverb.wav,0.8980,Assets/Audio/SFX/Footsteps/Wood/ExtractedRaw/Rejected/0161_hamzak_woodcreakreverb_000898ms.wav,,0.0160,0.2200,-12.00,0.047374,0.930,reject,"second strong transient, tail not quiet, continuous ambience/noise"
Assets/Audio/Sound Exports/@hamzak - woodcreakreverb.wav,1.0824,Assets/Audio/SFX/Footsteps/Wood/ExtractedRaw/Rejected/0162_hamzak_woodcreakreverb_001082ms.wav,,0.0160,0.2200,-12.00,0.052395,0.949,reject,"second strong transient, tail not quiet, continuous ambience/noise"
Assets/Audio/Sound Exports/@hamzak - woodcreakreverb.wav,1.6083,Assets/Audio/SFX/Footsteps/Wood/ExtractedRaw/Accepted/0163_hamzak_woodcreakreverb_001608ms.wav,,0.0160,0.2200,-12.00,0.009142,0.306,accept,accepted
Assets/Audio/Sound Exports/@hamzak - woodcreakreverb.wav,1.7512,Assets/Audio/SFX/Footsteps/Wood/ExtractedRaw/Rejected/0164_hamzak_woodcreakreverb_001751ms.wav,,0.0160,0.2200,-12.00,0.024916,0.538,reject,continuous ambience/noise
Assets/Audio/Sound Exports/@hamzak - woodcreakreverse1.wav,0.7393,Assets/Audio/SFX/Footsteps/Wood/ExtractedRaw/Rejected/0165_hamzak_woodcreakreverse1_000739ms.wav,,0.0160,0.2200,-12.00,0.054668,1.001,reject,"second strong transient, tail not quiet, continuous ambience/noise"
Assets/Audio/Sound Exports/@hamzak - woodcreakreverse1.wav,1.0980,Assets/Audio/SFX/Footsteps/Wood/ExtractedRaw/Rejected/0166_hamzak_woodcreakreverse1_001098ms.wav,,0.0160,0.2200,-12.00,0.049190,0.889,reject,"second strong transient, tail not quiet, continuous ambience/noise"
Assets/Audio/Sound Exports/@hamzak - woodcreakreverse1.wav,1.4000,Assets/Audio/SFX/Footsteps/Wood/ExtractedRaw/Rejected/0167_hamzak_woodcreakreverse1_001400ms.wav,,0.0160,0.2200,-12.00,0.046745,0.871,reject,"second strong transient, tail not quiet, continuous ambience/noise"
Assets/Audio/Sound Exports/@hamzak - woodcreakreverse1.wav,1.9697,Assets/Audio/SFX/Footsteps/Wood/ExtractedRaw/Rejected/0168_hamzak_woodcreakreverse1_001970ms.wav,,0.0160,0.2200,-12.00,0.059384,0.959,reject,"second strong transient, tail not quiet, continuous ambience/noise"
Assets/Audio/Sound Exports/@hamzak - woodcreakreverse1.wav,2.3397,Assets/Audio/SFX/Footsteps/Wood/ExtractedRaw/Rejected/0169_hamzak_woodcreakreverse1_002340ms.wav,,0.0160,0.2200,-12.00,0.014408,0.921,reject,"second strong transient, continuous ambience/noise"
Assets/Audio/Sound Exports/@hamzak - woodcreakreverse1.wav,2.4646,Assets/Audio/SFX/Footsteps/Wood/ExtractedRaw/Accepted/0170_hamzak_woodcreakreverse1_002465ms.wav,,0.0160,0.2200,-12.00,0.039196,0.444,accept,accepted
Assets/Audio/Sound Exports/@hamzak - woodcreakreverse1.wav,2.9349,Assets/Audio/SFX/Footsteps/Wood/ExtractedRaw/Accepted/0171_hamzak_woodcreakreverse1_002935ms.wav,,0.0160,0.2200,-12.00,0.000115,0.032,accept,accepted
Assets/Audio/Sound Exports/@hamzak - woodcreaksoundreversedreverb.wav,0.8176,Assets/Audio/SFX/Footsteps/Wood/ExtractedRaw/Rejected/0172_hamzak_woodcreaksoundreversedreverb_000818ms.wav,,0.0160,0.2200,-12.00,0.049915,1.005,reject,"second strong transient, tail not quiet, continuous ambience/noise"
Assets/Audio/Sound Exports/@hamzak - woodcreaksoundreversedreverb.wav,1.0863,Assets/Audio/SFX/Footsteps/Wood/ExtractedRaw/Rejected/0173_hamzak_woodcreaksoundreversedreverb_001086ms.wav,,0.0160,0.2200,-12.00,0.035744,1.000,reject,"second strong transient, continuous ambience/noise"
Assets/Audio/Sound Exports/@hamzak - woodcreaksoundreversedreverb.wav,1.2176,Assets/Audio/SFX/Footsteps/Wood/ExtractedRaw/Rejected/0174_hamzak_woodcreaksoundreversedreverb_001218ms.wav,,0.0160,0.2200,-12.00,0.051940,0.953,reject,"second strong transient, tail not quiet, continuous ambience/noise"
Assets/Audio/Sound Exports/@hamzak - woodcreaksoundreversedreverb.wav,1.3877,Assets/Audio/SFX/Footsteps/Wood/ExtractedRaw/Rejected/0175_hamzak_woodcreaksoundreversedreverb_001388ms.wav,,0.0160,0.2200,-12.00,0.056802,0.737,reject,"second strong transient, tail not quiet, continuous ambience/noise"
Assets/Audio/Sound Exports/@hamzak - woodcreaksoundreversedreverb.wav,1.6459,Assets/Audio/SFX/Footsteps/Wood/ExtractedRaw/Rejected/0176_hamzak_woodcreaksoundreversedreverb_001646ms.wav,,0.0160,0.2200,-12.00,0.052568,1.004,reject,"second strong transient, tail not quiet, continuous ambience/noise"
Assets/Audio/Sound Exports/@hamzak - woodcreaksoundreversedreverb.wav,1.9405,Assets/Audio/SFX/Footsteps/Wood/ExtractedRaw/Rejected/0177_hamzak_woodcreaksoundreversedreverb_001940ms.wav,,0.0160,0.2200,-12.00,0.056181,0.909,reject,"second strong transient, tail not quiet, continuous ambience/noise"
Assets/Audio/Sound Exports/@hamzak - woodcreaksoundreversedreverb.wav,2.2321,Assets/Audio/SFX/Footsteps/Wood/ExtractedRaw/Rejected/0178_hamzak_woodcreaksoundreversedreverb_002232ms.wav,,0.0160,0.2200,-12.00,0.066779,1.187,reject,"second strong transient, tail not quiet, continuous ambience/noise"
Assets/Audio/Sound Exports/@hamzak - woodcreaksoundreversedreverb.wav,2.3909,Assets/Audio/SFX/Footsteps/Wood/ExtractedRaw/Rejected/0179_hamzak_woodcreaksoundreversedreverb_002391ms.wav,,0.0160,0.2200,-12.00,0.012440,0.511,reject,continuous ambience/noise
Assets/Audio/Sound Exports/@hamzak - woodcreaksoundreversedreverb.wav,2.7093,Assets/Audio/SFX/Footsteps/Wood/ExtractedRaw/Rejected/0180_hamzak_woodcreaksoundreversedreverb_002709ms.wav,,0.0160,0.2200,-12.00,0.083709,1.148,reject,"second strong transient, tail not quiet, continuous ambience/noise"
Assets/Audio/Sound Exports/@hamzak - woodcreaksoundreversedreverb.wav,2.9228,Assets/Audio/SFX/Footsteps/Wood/ExtractedRaw/Accepted/0181_hamzak_woodcreaksoundreversedreverb_002923ms.wav,,0.0160,0.2200,-12.00,0.000361,0.084,accept,accepted
Assets/Audio/Sound Exports/@hamzak -woodcreakreversereverb.wav,1.1129,Assets/Audio/SFX/Footsteps/Wood/ExtractedRaw/Rejected/0182_hamzak_woodcreakreversereverb_001113ms.wav,,0.0160,0.2200,-12.00,0.081872,1.049,reject,"second strong transient, tail not quiet, continuous ambience/noise"
Assets/Audio/Sound Exports/@hamzak -woodcreakreversereverb.wav,1.3335,Assets/Audio/SFX/Footsteps/Wood/ExtractedRaw/Rejected/0183_hamzak_woodcreakreversereverb_001334ms.wav,,0.0160,0.2200,-12.00,0.056402,0.790,reject,"second strong transient, tail not quiet, continuous ambience/noise"
Assets/Audio/Sound Exports/@hamzak -woodcreakreversereverb.wav,1.6920,Assets/Audio/SFX/Footsteps/Wood/ExtractedRaw/Rejected/0184_hamzak_woodcreakreversereverb_001692ms.wav,,0.0160,0.2200,-12.00,0.043755,0.849,reject,"second strong transient, continuous ambience/noise"
Assets/Audio/Sound Exports/@hamzak -woodcreakreversereverb.wav,2.0350,Assets/Audio/SFX/Footsteps/Wood/ExtractedRaw/Rejected/0185_hamzak_woodcreakreversereverb_002035ms.wav,,0.0160,0.2200,-12.00,0.038185,1.019,reject,"second strong transient, continuous ambience/noise"
Assets/Audio/Sound Exports/@hamzak -woodcreakreversereverb.wav,2.1661,Assets/Audio/SFX/Footsteps/Wood/ExtractedRaw/Rejected/0186_hamzak_woodcreakreversereverb_002166ms.wav,,0.0160,0.2200,-12.00,0.063043,0.860,reject,"second strong transient, tail not quiet, continuous ambience/noise"
Assets/Audio/Sound Exports/@hamzak -woodcreakreversereverb.wav,2.8666,Assets/Audio/SFX/Footsteps/Wood/ExtractedRaw/Rejected/0187_hamzak_woodcreakreversereverb_002867ms.wav,,0.0160,0.2200,-12.00,0.075797,0.913,reject,"second strong transient, tail not quiet, continuous ambience/noise"
Assets/Audio/Sound Exports/@hamzak -woodcreakreversereverb.wav,3.1575,Assets/Audio/SFX/Footsteps/Wood/ExtractedRaw/Rejected/0188_hamzak_woodcreakreversereverb_003158ms.wav,,0.0160,0.2200,-12.00,0.057958,0.936,reject,"second strong transient, tail not quiet, continuous ambience/noise"
Assets/Audio/Sound Exports/@hamzak -woodcreakreversereverb.wav,3.4803,Assets/Audio/SFX/Footsteps/Wood/ExtractedRaw/Rejected/0189_hamzak_woodcreakreversereverb_003480ms.wav,,0.0160,0.2200,-12.00,0.052156,0.708,reject,"tail not quiet, continuous ambience/noise"
Assets/Audio/Sound Exports/@hamzak -woodcreakreversereverb.wav,3.7708,Assets/Audio/SFX/Footsteps/Wood/ExtractedRaw/Rejected/0190_hamzak_woodcreakreversereverb_003771ms.wav,,0.0160,0.2200,-12.00,0.050626,0.902,reject,"second strong transient, tail not quiet, continuous ambience/noise"
Assets/Audio/Sound Exports/@hamzak -woodcreakreversereverb.wav,4.1056,Assets/Audio/SFX/Footsteps/Wood/ExtractedRaw/Rejected/0191_hamzak_woodcreakreversereverb_004106ms.wav,,0.0160,0.2200,-12.00,0.057405,0.731,reject,"second strong transient, tail not quiet, continuous ambience/noise"
Assets/Audio/Sound Exports/@hamzak -woodcreakreversereverb.wav,4.4839,Assets/Audio/SFX/Footsteps/Wood/ExtractedRaw/Rejected/0192_hamzak_woodcreakreversereverb_004484ms.wav,,0.0160,0.2200,-12.00,0.052581,0.843,reject,"second strong transient, tail not quiet, continuous ambience/noise"
Assets/Audio/Sound Exports/@hamzak -woodcreakreversereverb.wav,4.6326,Assets/Audio/SFX/Footsteps/Wood/ExtractedRaw/Rejected/0193_hamzak_woodcreakreversereverb_004633ms.wav,,0.0160,0.2200,-12.00,0.069786,0.974,reject,"second strong transient, tail not quiet, continuous ambience/noise"
Assets/Audio/Sound Exports/@hamzak -woodcreakreversereverb.wav,4.7792,Assets/Audio/SFX/Footsteps/Wood/ExtractedRaw/Rejected/0194_hamzak_woodcreakreversereverb_004779ms.wav,,0.0160,0.2200,-12.00,0.094107,1.074,reject,"second strong transient, tail not quiet, continuous ambience/noise"
Assets/Audio/Sound Exports/@hamzak -woodcreakreversereverb.wav,4.9744,Assets/Audio/SFX/Footsteps/Wood/ExtractedRaw/Rejected/0195_hamzak_woodcreakreversereverb_004974ms.wav,,0.0160,0.2200,-12.00,0.076456,0.809,reject,"second strong transient, tail not quiet, continuous ambience/noise"
Assets/Audio/Sound Exports/@hamzak -woodcreakreversereverb.wav,5.1508,Assets/Audio/SFX/Footsteps/Wood/ExtractedRaw/Rejected/0196_hamzak_woodcreakreversereverb_005151ms.wav,,0.0160,0.2200,-12.00,0.053678,0.764,reject,"second strong transient, tail not quiet, continuous ambience/noise"
Assets/Audio/Sound Exports/@hamzak -woodcreakreversereverb.wav,5.4738,Assets/Audio/SFX/Footsteps/Wood/ExtractedRaw/Rejected/0197_hamzak_woodcreakreversereverb_005474ms.wav,,0.0160,0.2200,-12.00,0.051791,0.772,reject,"second strong transient, tail not quiet, continuous ambience/noise"
Assets/Audio/Sound Exports/@hamzak -woodcreakreversereverb.wav,5.8056,Assets/Audio/SFX/Footsteps/Wood/ExtractedRaw/Rejected/0198_hamzak_woodcreakreversereverb_005806ms.wav,,0.0160,0.2200,-12.00,0.061373,0.610,reject,"tail not quiet, continuous ambience/noise"
Assets/Audio/Sound Exports/@hamzak -woodcreakreversereverb.wav,10.8226,Assets/Audio/SFX/Footsteps/Wood/ExtractedRaw/Rejected/0199_hamzak_woodcreakreversereverb_010823ms.wav,,0.0160,0.2200,-12.00,0.076089,0.751,reject,"second strong transient, tail not quiet, continuous ambience/noise"
Assets/Audio/Sound Exports/@hamzak -woodcreakreversereverb.wav,11.1702,Assets/Audio/SFX/Footsteps/Wood/ExtractedRaw/Rejected/0200_hamzak_woodcreakreversereverb_011170ms.wav,,0.0160,0.2200,-12.00,0.063057,0.748,reject,"second strong transient, tail not quiet, continuous ambience/noise"
Assets/Audio/Sound Exports/@hamzak -woodcreakreversereverb.wav,13.8949,Assets/Audio/SFX/Footsteps/Wood/ExtractedRaw/Accepted/0201_hamzak_woodcreakreversereverb_013895ms.wav,,0.0160,0.2200,-12.00,0.023273,0.287,accept,accepted
Assets/Audio/Sound Exports/@hamzak -woodcreakreversereverb.wav,16.3474,Assets/Audio/SFX/Footsteps/Wood/ExtractedRaw/Accepted/0202_hamzak_woodcreakreversereverb_016347ms.wav,,0.0160,0.2200,-12.00,0.014631,0.433,accept,accepted
Assets/Audio/Sound Exports/hamzak - woodcreaklong.wav,4.1574,Assets/Audio/SFX/Footsteps/Wood/ExtractedRaw/Rejected/0203_hamzak_woodcreaklong_004157ms.wav,,0.0160,0.2200,-12.00,0.036245,0.773,reject,"second strong transient, continuous ambience/noise"
Assets/Audio/Sound Exports/hamzak - woodcreaklong.wav,4.4254,Assets/Audio/SFX/Footsteps/Wood/ExtractedRaw/Rejected/0204_hamzak_woodcreaklong_004425ms.wav,,0.0160,0.2200,-12.00,0.042717,0.852,reject,"second strong transient, continuous ambience/noise"
Assets/Audio/Sound Exports/hamzak - woodcreaklong.wav,5.0577,Assets/Audio/SFX/Footsteps/Wood/ExtractedRaw/Rejected/0205_hamzak_woodcreaklong_005058ms.wav,,0.0160,0.2200,-12.00,0.049646,0.794,reject,"second strong transient, tail not quiet, continuous ambience/noise"
Assets/Audio/Sound Exports/hamzak - woodcreaklong.wav,6.7222,Assets/Audio/SFX/Footsteps/Wood/ExtractedRaw/Rejected/0206_hamzak_woodcreaklong_006722ms.wav,,0.0160,0.2200,-12.00,0.064561,0.922,reject,"second strong transient, tail not quiet, continuous ambience/noise"
Assets/Audio/Sound Exports/hamzak - woodcreaklong.wav,7.0120,Assets/Audio/SFX/Footsteps/Wood/ExtractedRaw/Rejected/0207_hamzak_woodcreaklong_007012ms.wav,,0.0160,0.2200,-12.00,0.035065,0.920,reject,"second strong transient, continuous ambience/noise"
Assets/Audio/Sound Exports/hamzak - woodcreaklong.wav,11.6788,Assets/Audio/SFX/Footsteps/Wood/ExtractedRaw/Rejected/0208_hamzak_woodcreaklong_011679ms.wav,,0.0160,0.2200,-12.00,0.043344,0.819,reject,"second strong transient, continuous ambience/noise"
Assets/Audio/Sound Exports/hamzak - woodcreaklong.wav,11.8355,Assets/Audio/SFX/Footsteps/Wood/ExtractedRaw/Rejected/0209_hamzak_woodcreaklong_011835ms.wav,,0.0160,0.2200,-12.00,0.049844,1.115,reject,"second strong transient, tail not quiet, continuous ambience/noise"
Assets/Audio/Sound Exports/hamzak - woodcreaklong.wav,11.9867,Assets/Audio/SFX/Footsteps/Wood/ExtractedRaw/Rejected/0210_hamzak_woodcreaklong_011987ms.wav,,0.0160,0.2200,-12.00,0.043844,0.630,reject,continuous ambience/noise
Assets/Audio/Sound Exports/hamzak - woodcreaklong.wav,12.4466,Assets/Audio/SFX/Footsteps/Wood/ExtractedRaw/Rejected/0211_hamzak_woodcreaklong_012447ms.wav,,0.0160,0.2200,-12.00,0.073499,0.726,reject,"second strong transient, tail not quiet, continuous ambience/noise"
Assets/Audio/Sound Exports/hamzak - woodcreaklong.wav,12.6322,Assets/Audio/SFX/Footsteps/Wood/ExtractedRaw/Rejected/0212_hamzak_woodcreaklong_012632ms.wav,,0.0160,0.2200,-12.00,0.078043,1.032,reject,"second strong transient, tail not quiet, continuous ambience/noise"
Assets/Audio/Sound Exports/hamzak - woodcreaklong.wav,12.7634,Assets/Audio/SFX/Footsteps/Wood/ExtractedRaw/Rejected/0213_hamzak_woodcreaklong_012763ms.wav,,0.0160,0.2200,-12.00,0.073904,1.296,reject,"second strong transient, tail not quiet, continuous ambience/noise"
Assets/Audio/Sound Exports/hamzak - woodcreaklong.wav,12.9032,Assets/Audio/SFX/Footsteps/Wood/ExtractedRaw/Rejected/0214_hamzak_woodcreaklong_012903ms.wav,,0.0160,0.2200,-12.00,0.054526,0.758,reject,"second strong transient, tail not quiet, continuous ambience/noise"
Assets/Audio/Sound Exports/hamzak - woodcreaklong.wav,13.0290,Assets/Audio/SFX/Footsteps/Wood/ExtractedRaw/Rejected/0215_hamzak_woodcreaklong_013029ms.wav,,0.0160,0.2200,-12.00,0.059423,0.808,reject,"second strong transient, tail not quiet, continuous ambience/noise"
Assets/Audio/Sound Exports/hamzak - woodcreaklong.wav,13.2539,Assets/Audio/SFX/Footsteps/Wood/ExtractedRaw/Rejected/0216_hamzak_woodcreaklong_013254ms.wav,,0.0160,0.2200,-12.00,0.080351,0.843,reject,"second strong transient, tail not quiet, continuous ambience/noise"
Assets/Audio/Sound Exports/hamzak - woodcreaklong.wav,13.5659,Assets/Audio/SFX/Footsteps/Wood/ExtractedRaw/Rejected/0217_hamzak_woodcreaklong_013566ms.wav,,0.0160,0.2200,-12.00,0.052285,0.681,reject,"tail not quiet, continuous ambience/noise"
Assets/Audio/Sound Exports/hamzak - woodcreaklong.wav,13.8295,Assets/Audio/SFX/Footsteps/Wood/ExtractedRaw/Rejected/0218_hamzak_woodcreaklong_013829ms.wav,,0.0160,0.2200,-12.00,0.059826,0.711,reject,"tail not quiet, continuous ambience/noise"
Assets/Audio/Sound Exports/hamzak - woodcreaklong.wav,14.1362,Assets/Audio/SFX/Footsteps/Wood/ExtractedRaw/Rejected/0219_hamzak_woodcreaklong_014136ms.wav,,0.0160,0.2200,-12.00,0.074025,0.810,reject,"second strong transient, tail not quiet, continuous ambience/noise"
Assets/Audio/Sound Exports/hamzak - woodcreaklong.wav,14.3883,Assets/Audio/SFX/Footsteps/Wood/ExtractedRaw/Rejected/0220_hamzak_woodcreaklong_014388ms.wav,,0.0160,0.2200,-12.00,0.037548,0.928,reject,"second strong transient, continuous ambience/noise"
Assets/Audio/Sound Exports/hamzak - woodcreaklong.wav,14.5120,Assets/Audio/SFX/Footsteps/Wood/ExtractedRaw/Rejected/0221_hamzak_woodcreaklong_014512ms.wav,,0.0160,0.2200,-12.00,0.087491,1.015,reject,"second strong transient, tail not quiet, continuous ambience/noise"
Assets/Audio/Sound Exports/hamzak - woodcreaklong.wav,14.6913,Assets/Audio/SFX/Footsteps/Wood/ExtractedRaw/Rejected/0222_hamzak_woodcreaklong_014691ms.wav,,0.0160,0.2200,-12.00,0.052920,0.772,reject,"second strong transient, tail not quiet, continuous ambience/noise"
Assets/Audio/Sound Exports/hamzak - woodcreaklong.wav,15.0600,Assets/Audio/SFX/Footsteps/Wood/ExtractedRaw/Rejected/0223_hamzak_woodcreaklong_015060ms.wav,,0.0160,0.2200,-12.00,0.062089,0.932,reject,"second strong transient, tail not quiet, continuous ambience/noise"
Assets/Audio/Sound Exports/hamzak - woodcreaklong.wav,15.1829,Assets/Audio/SFX/Footsteps/Wood/ExtractedRaw/Rejected/0224_hamzak_woodcreaklong_015183ms.wav,,0.0160,0.2200,-12.00,0.053817,0.842,reject,"second strong transient, tail not quiet, continuous ambience/noise"
Assets/Audio/Sound Exports/hamzak - woodcreaklong.wav,15.4980,Assets/Audio/SFX/Footsteps/Wood/ExtractedRaw/Rejected/0225_hamzak_woodcreaklong_015498ms.wav,,0.0160,0.2200,-12.00,0.050408,0.913,reject,"second strong transient, tail not quiet, continuous ambience/noise"
Assets/Audio/Sound Exports/hamzak - woodcreaklong.wav,15.6195,Assets/Audio/SFX/Footsteps/Wood/ExtractedRaw/Rejected/0226_hamzak_woodcreaklong_015619ms.wav,,0.0160,0.2200,-12.00,0.076930,0.924,reject,"second strong transient, tail not quiet, continuous ambience/noise"
Assets/Audio/Sound Exports/hamzak - woodcreaklong.wav,15.8377,Assets/Audio/SFX/Footsteps/Wood/ExtractedRaw/Rejected/0227_hamzak_woodcreaklong_015838ms.wav,,0.0160,0.2200,-12.00,0.059916,0.633,reject,"tail not quiet, continuous ambience/noise"
Assets/Audio/Sound Exports/hamzak - woodcreaklong.wav,16.0351,Assets/Audio/SFX/Footsteps/Wood/ExtractedRaw/Rejected/0228_hamzak_woodcreaklong_016035ms.wav,,0.0160,0.2200,-12.00,0.049934,0.685,reject,"tail not quiet, continuous ambience/noise"
Assets/Audio/Sound Exports/hamzak - woodcreaklong.wav,19.8550,Assets/Audio/SFX/Footsteps/Wood/ExtractedRaw/Accepted/0229_hamzak_woodcreaklong_019855ms.wav,,0.0160,0.2200,-12.00,0.002185,0.564,accept,accepted
Assets/Audio/man-walk/01_hardwood_hallway_walk_man_footsteps_seed1070000_48khz.wav,0.1105,Assets/Audio/SFX/Footsteps/Wood/ExtractedRaw/Accepted/0230_01_hardwood_hallway_walk_man_footsteps_seed1070000_48khz_000111ms.wav,,0.0160,0.2200,-12.00,0.018269,0.383,accept,accepted
Assets/Audio/man-walk/01_hardwood_hallway_walk_man_footsteps_seed1070000_48khz.wav,0.5548,Assets/Audio/SFX/Footsteps/Wood/ExtractedRaw/Accepted/0231_01_hardwood_hallway_walk_man_footsteps_seed1070000_48khz_000555ms.wav,,0.0160,0.2200,-12.00,0.022160,0.458,accept,accepted
Assets/Audio/man-walk/01_hardwood_hallway_walk_man_footsteps_seed1070000_48khz.wav,1.2930,Assets/Audio/SFX/Footsteps/Wood/ExtractedRaw/Accepted/0232_01_hardwood_hallway_walk_man_footsteps_seed1070000_48khz_001293ms.wav,,0.0160,0.2200,-12.00,0.018028,0.373,accept,accepted
Assets/Audio/man-walk/01_hardwood_hallway_walk_man_footsteps_seed1070000_48khz.wav,1.5543,Assets/Audio/SFX/Footsteps/Wood/ExtractedRaw/Accepted/0233_01_hardwood_hallway_walk_man_footsteps_seed1070000_48khz_001554ms.wav,,0.0160,0.2200,-12.00,0.012712,0.460,accept,accepted
Assets/Audio/man-walk/01_hardwood_hallway_walk_man_footsteps_seed1070000_48khz.wav,1.8125,Assets/Audio/SFX/Footsteps/Wood/ExtractedRaw/Accepted/0234_01_hardwood_hallway_walk_man_footsteps_seed1070000_48khz_001812ms.wav,,0.0160,0.2200,-12.00,0.018508,0.382,accept,accepted
Assets/Audio/man-walk/01_hardwood_hallway_walk_man_footsteps_seed1070000_48khz.wav,2.2567,Assets/Audio/SFX/Footsteps/Wood/ExtractedRaw/Accepted/0235_01_hardwood_hallway_walk_man_footsteps_seed1070000_48khz_002257ms.wav,,0.0160,0.2200,-12.00,0.022244,0.459,accept,accepted
Assets/Audio/man-walk/01_hardwood_hallway_walk_man_footsteps_seed1070000_48khz.wav,2.9949,Assets/Audio/SFX/Footsteps/Wood/ExtractedRaw/Accepted/0236_01_hardwood_hallway_walk_man_footsteps_seed1070000_48khz_002995ms.wav,Assets/Audio/SFX/Footsteps/Wood/Butler/FS_Wood_Butler_Soft_03.wav,0.0160,0.2200,-12.00,0.017953,0.373,accept,accepted
Assets/Audio/man-walk/01_hardwood_hallway_walk_man_footsteps_seed1070000_48khz.wav,3.2562,Assets/Audio/SFX/Footsteps/Wood/ExtractedRaw/Accepted/0237_01_hardwood_hallway_walk_man_footsteps_seed1070000_48khz_003256ms.wav,,0.0160,0.2200,-12.00,0.012833,0.459,accept,accepted
Assets/Audio/man-walk/01_hardwood_hallway_walk_man_footsteps_seed1070000_48khz.wav,3.5144,Assets/Audio/SFX/Footsteps/Wood/ExtractedRaw/Accepted/0238_01_hardwood_hallway_walk_man_footsteps_seed1070000_48khz_003514ms.wav,,0.0160,0.2200,-12.00,0.018422,0.384,accept,accepted
Assets/Audio/man-walk/01_hardwood_hallway_walk_man_footsteps_seed1070000_48khz.wav,3.9586,Assets/Audio/SFX/Footsteps/Wood/ExtractedRaw/Accepted/0239_01_hardwood_hallway_walk_man_footsteps_seed1070000_48khz_003959ms.wav,,0.0160,0.2200,-12.00,0.022262,0.458,accept,accepted
Assets/Audio/man-walk/01_hardwood_hallway_walk_man_footsteps_seed1070000_48khz.wav,4.6968,Assets/Audio/SFX/Footsteps/Wood/ExtractedRaw/Accepted/0240_01_hardwood_hallway_walk_man_footsteps_seed1070000_48khz_004697ms.wav,,0.0160,0.2200,-12.00,0.018065,0.373,accept,accepted
Assets/Audio/man-walk/01_hardwood_hallway_walk_man_footsteps_seed1070000_48khz.wav,4.9582,Assets/Audio/SFX/Footsteps/Wood/ExtractedRaw/Accepted/0241_01_hardwood_hallway_walk_man_footsteps_seed1070000_48khz_004958ms.wav,,0.0160,0.2200,-12.00,0.012912,0.458,accept,accepted
Assets/Audio/man-walk/01_hardwood_hallway_walk_man_footsteps_seed1070000_48khz.wav,5.2163,Assets/Audio/SFX/Footsteps/Wood/ExtractedRaw/Accepted/0242_01_hardwood_hallway_walk_man_footsteps_seed1070000_48khz_005216ms.wav,,0.0160,0.2200,-12.00,0.018637,0.384,accept,accepted
Assets/Audio/man-walk/01_hardwood_hallway_walk_man_footsteps_seed1070000_48khz.wav,5.6605,Assets/Audio/SFX/Footsteps/Wood/ExtractedRaw/Accepted/0243_01_hardwood_hallway_walk_man_footsteps_seed1070000_48khz_005661ms.wav,,0.0160,0.2200,-12.00,0.022804,0.459,accept,accepted
Assets/Audio/man-walk/01_hardwood_hallway_walk_man_footsteps_seed1070000_48khz.wav,6.3988,Assets/Audio/SFX/Footsteps/Wood/ExtractedRaw/Accepted/0244_01_hardwood_hallway_walk_man_footsteps_seed1070000_48khz_006399ms.wav,Assets/Audio/SFX/Footsteps/Wood/Guest/FS_Wood_Guest_Soft_03.wav,0.0160,0.2200,-12.00,0.017973,0.373,accept,accepted
Assets/Audio/man-walk/01_hardwood_hallway_walk_man_footsteps_seed1070000_48khz.wav,6.6601,Assets/Audio/SFX/Footsteps/Wood/ExtractedRaw/Accepted/0245_01_hardwood_hallway_walk_man_footsteps_seed1070000_48khz_006660ms.wav,,0.0160,0.2200,-12.00,0.011349,0.458,accept,accepted
Assets/Audio/man-walk/03_marble_foyer_walk_woman_footsteps_seed510194_48khz.wav,1.1437,Assets/Audio/SFX/Footsteps/Wood/ExtractedRaw/Accepted/0246_03_marble_foyer_walk_woman_footsteps_seed510194_48khz_001144ms.wav,,0.0160,0.2200,-12.00,0.014322,0.401,accept,accepted
Assets/Audio/man-walk/03_marble_foyer_walk_woman_footsteps_seed510194_48khz.wav,1.7686,Assets/Audio/SFX/Footsteps/Wood/ExtractedRaw/Rejected/0247_03_marble_foyer_walk_woman_footsteps_seed510194_48khz_001769ms.wav,,0.0160,0.2200,-12.00,0.019683,0.490,reject,continuous ambience/noise
Assets/Audio/man-walk/03_marble_foyer_walk_woman_footsteps_seed510194_48khz.wav,1.9103,Assets/Audio/SFX/Footsteps/Wood/ExtractedRaw/Rejected/0248_03_marble_foyer_walk_woman_footsteps_seed510194_48khz_001910ms.wav,,0.0160,0.2200,-12.00,0.018226,0.618,reject,continuous ambience/noise
Assets/Audio/man-walk/03_marble_foyer_walk_woman_footsteps_seed510194_48khz.wav,2.4267,Assets/Audio/SFX/Footsteps/Wood/ExtractedRaw/Rejected/0249_03_marble_foyer_walk_woman_footsteps_seed510194_48khz_002427ms.wav,,0.0160,0.2200,-12.00,0.018323,0.475,reject,continuous ambience/noise
Assets/Audio/man-walk/03_marble_foyer_walk_woman_footsteps_seed510194_48khz.wav,2.5691,Assets/Audio/SFX/Footsteps/Wood/ExtractedRaw/Rejected/0250_03_marble_foyer_walk_woman_footsteps_seed510194_48khz_002569ms.wav,,0.0160,0.2200,-12.00,0.025535,0.587,reject,continuous ambience/noise
Assets/Audio/man-walk/03_marble_foyer_walk_woman_footsteps_seed510194_48khz.wav,3.1608,Assets/Audio/SFX/Footsteps/Wood/ExtractedRaw/Accepted/0251_03_marble_foyer_walk_woman_footsteps_seed510194_48khz_003161ms.wav,,0.0160,0.2200,-12.00,0.016255,0.462,accept,accepted
Assets/Audio/man-walk/03_marble_foyer_walk_woman_footsteps_seed510194_48khz.wav,3.3045,Assets/Audio/SFX/Footsteps/Wood/ExtractedRaw/Rejected/0252_03_marble_foyer_walk_woman_footsteps_seed510194_48khz_003305ms.wav,,0.0160,0.2200,-12.00,0.039915,0.480,reject,continuous ambience/noise
Assets/Audio/man-walk/03_marble_foyer_walk_woman_footsteps_seed510194_48khz.wav,3.8225,Assets/Audio/SFX/Footsteps/Wood/ExtractedRaw/Rejected/0253_03_marble_foyer_walk_woman_footsteps_seed510194_48khz_003823ms.wav,,0.0160,0.2200,-12.00,0.030315,0.456,reject,continuous ambience/noise
Assets/Audio/man-walk/03_marble_foyer_walk_woman_footsteps_seed510194_48khz.wav,4.3306,Assets/Audio/SFX/Footsteps/Wood/ExtractedRaw/Rejected/0254_03_marble_foyer_walk_woman_footsteps_seed510194_48khz_004331ms.wav,,0.0160,0.2200,-12.00,0.022317,0.597,reject,continuous ambience/noise
Assets/Audio/man-walk/03_marble_foyer_walk_woman_footsteps_seed510194_48khz.wav,4.4520,Assets/Audio/SFX/Footsteps/Wood/ExtractedRaw/Rejected/0255_03_marble_foyer_walk_woman_footsteps_seed510194_48khz_004452ms.wav,,0.0160,0.2200,-12.00,0.020617,0.460,reject,continuous ambience/noise
Assets/Audio/man-walk/05_wood_stair_steps_man_footsteps_seed1070582_48khz.wav,0.1618,Assets/Audio/SFX/Footsteps/Wood/ExtractedRaw/Accepted/0256_05_wood_stair_steps_man_footsteps_seed1070582_48khz_000162ms.wav,,0.0160,0.2200,-12.00,0.013058,0.337,accept,accepted
Assets/Audio/man-walk/05_wood_stair_steps_man_footsteps_seed1070582_48khz.wav,0.6602,Assets/Audio/SFX/Footsteps/Wood/ExtractedRaw/Accepted/0257_05_wood_stair_steps_man_footsteps_seed1070582_48khz_000660ms.wav,Assets/Audio/SFX/Footsteps/Wood/Butler/FS_Wood_Butler_Soft_05.wav,0.0160,0.2200,-12.00,0.014078,0.262,accept,accepted
Assets/Audio/man-walk/05_wood_stair_steps_man_footsteps_seed1070582_48khz.wav,1.2594,Assets/Audio/SFX/Footsteps/Wood/ExtractedRaw/Accepted/0258_05_wood_stair_steps_man_footsteps_seed1070582_48khz_001259ms.wav,,0.0160,0.2200,-12.00,0.015588,0.297,accept,accepted
Assets/Audio/man-walk/05_wood_stair_steps_man_footsteps_seed1070582_48khz.wav,1.8321,Assets/Audio/SFX/Footsteps/Wood/ExtractedRaw/Rejected/0259_05_wood_stair_steps_man_footsteps_seed1070582_48khz_001832ms.wav,,0.0160,0.2200,-12.00,0.016546,0.373,reject,continuous ambience/noise
Assets/Audio/man-walk/05_wood_stair_steps_man_footsteps_seed1070582_48khz.wav,2.2602,Assets/Audio/SFX/Footsteps/Wood/ExtractedRaw/Accepted/0260_05_wood_stair_steps_man_footsteps_seed1070582_48khz_002260ms.wav,Assets/Audio/SFX/Footsteps/Wood/Guest/FS_Wood_Guest_Soft_05.wav,0.0160,0.2200,-12.00,0.013601,0.282,accept,accepted
Assets/Audio/man-walk/06_slow_cautious_floorboards_man_footsteps_seed1070679_48khz.wav,0.2144,Assets/Audio/SFX/Footsteps/Wood/ExtractedRaw/Accepted/0261_06_slow_cautious_floorboards_man_footsteps_seed1070679_48khz_000214ms.wav,,0.0160,0.2200,-12.00,0.014241,0.516,accept,accepted
Assets/Audio/man-walk/06_slow_cautious_floorboards_man_footsteps_seed1070679_48khz.wav,1.0934,Assets/Audio/SFX/Footsteps/Wood/ExtractedRaw/Accepted/0262_06_slow_cautious_floorboards_man_footsteps_seed1070679_48khz_001093ms.wav,Assets/Audio/SFX/Footsteps/Wood/Guest/FS_Wood_Guest_Soft_06.wav,0.0160,0.2200,-12.00,0.014464,0.303,accept,accepted
Assets/Audio/man-walk/06_slow_cautious_floorboards_man_footsteps_seed1070679_48khz.wav,1.2379,Assets/Audio/SFX/Footsteps/Wood/ExtractedRaw/Rejected/0263_06_slow_cautious_floorboards_man_footsteps_seed1070679_48khz_001238ms.wav,,0.0160,0.2200,-12.00,0.048216,0.818,reject,"second strong transient, tail not quiet, continuous ambience/noise"
Assets/Audio/man-walk/06_slow_cautious_floorboards_man_footsteps_seed1070679_48khz.wav,1.6909,Assets/Audio/SFX/Footsteps/Wood/ExtractedRaw/Accepted/0264_06_slow_cautious_floorboards_man_footsteps_seed1070679_48khz_001691ms.wav,Assets/Audio/SFX/Footsteps/Wood/Butler/FS_Wood_Butler_Soft_06.wav,0.0160,0.2200,-12.00,0.009547,0.331,accept,accepted
Assets/Audio/man-walk/06_slow_cautious_floorboards_man_footsteps_seed1070679_48khz.wav,2.3439,Assets/Audio/SFX/Footsteps/Wood/ExtractedRaw/Rejected/0265_06_slow_cautious_floorboards_man_footsteps_seed1070679_48khz_002344ms.wav,,0.0160,0.2200,-12.00,0.065741,0.926,reject,"second strong transient, tail not quiet, continuous ambience/noise"
Assets/Audio/man-walk/06_slow_cautious_floorboards_man_footsteps_seed1070679_48khz.wav,2.5618,Assets/Audio/SFX/Footsteps/Wood/ExtractedRaw/Rejected/0266_06_slow_cautious_floorboards_man_footsteps_seed1070679_48khz_002562ms.wav,,0.0160,0.2200,-12.00,0.054023,0.895,reject,"second strong transient, tail not quiet, continuous ambience/noise"
Assets/Audio/woman-walk/01_hardwood_hallway_walk_woman_footsteps_seed510000_48khz.wav,0.1156,Assets/Audio/SFX/Footsteps/Wood/ExtractedRaw/Accepted/0267_01_hardwood_hallway_walk_woman_footsteps_seed510000_48khz_000116ms.wav,Assets/Audio/SFX/Footsteps/Wood/Butler/FS_Wood_Butler_Soft_01.wav,0.0160,0.2200,-12.00,0.004539,0.138,accept,accepted
Assets/Audio/woman-walk/01_hardwood_hallway_walk_woman_footsteps_seed510000_48khz.wav,0.4302,Assets/Audio/SFX/Footsteps/Wood/ExtractedRaw/Accepted/0268_01_hardwood_hallway_walk_woman_footsteps_seed510000_48khz_000430ms.wav,,0.0160,0.2200,-12.00,0.005439,0.259,accept,accepted
Assets/Audio/woman-walk/01_hardwood_hallway_walk_woman_footsteps_seed510000_48khz.wav,0.7109,Assets/Audio/SFX/Footsteps/Wood/ExtractedRaw/Accepted/0269_01_hardwood_hallway_walk_woman_footsteps_seed510000_48khz_000711ms.wav,Assets/Audio/SFX/Footsteps/Wood/Guest/FS_Wood_Guest_Soft_01.wav,0.0160,0.2200,-12.00,0.005703,0.175,accept,accepted
Assets/Audio/woman-walk/01_hardwood_hallway_walk_woman_footsteps_seed510000_48khz.wav,0.9978,Assets/Audio/SFX/Footsteps/Wood/ExtractedRaw/Accepted/0270_01_hardwood_hallway_walk_woman_footsteps_seed510000_48khz_000998ms.wav,,0.0160,0.2200,-12.00,0.005831,0.316,accept,accepted
Assets/Audio/woman-walk/01_hardwood_hallway_walk_woman_footsteps_seed510000_48khz.wav,1.4389,Assets/Audio/SFX/Footsteps/Wood/ExtractedRaw/Accepted/0271_01_hardwood_hallway_walk_woman_footsteps_seed510000_48khz_001439ms.wav,,0.0160,0.2200,-12.00,0.009560,0.325,accept,accepted
Assets/Audio/woman-walk/01_hardwood_hallway_walk_woman_footsteps_seed510000_48khz.wav,2.0814,Assets/Audio/SFX/Footsteps/Wood/ExtractedRaw/Accepted/0272_01_hardwood_hallway_walk_woman_footsteps_seed510000_48khz_002081ms.wav,Assets/Audio/SFX/Footsteps/Wood/Guest/FS_Wood_Guest_Soft_08.wav,0.0160,0.2200,-12.00,0.003170,0.219,accept,accepted
Assets/Audio/woman-walk/01_hardwood_hallway_walk_woman_footsteps_seed510000_48khz.wav,2.6215,Assets/Audio/SFX/Footsteps/Wood/ExtractedRaw/Accepted/0273_01_hardwood_hallway_walk_woman_footsteps_seed510000_48khz_002621ms.wav,,0.0160,0.2200,-12.00,0.004979,0.308,accept,accepted
Assets/Audio/woman-walk/01_hardwood_hallway_walk_woman_footsteps_seed510000_48khz.wav,3.0859,Assets/Audio/SFX/Footsteps/Wood/ExtractedRaw/Accepted/0274_01_hardwood_hallway_walk_woman_footsteps_seed510000_48khz_003086ms.wav,,0.0160,0.2200,-12.00,0.000759,0.467,accept,accepted
Assets/Audio/woman-walk/01_hardwood_hallway_walk_woman_footsteps_seed510000_48khz.wav,3.2947,Assets/Audio/SFX/Footsteps/Wood/ExtractedRaw/Accepted/0275_01_hardwood_hallway_walk_woman_footsteps_seed510000_48khz_003295ms.wav,,0.0160,0.2200,-12.00,0.009639,0.325,accept,accepted
Assets/Audio/woman-walk/01_hardwood_hallway_walk_woman_footsteps_seed510000_48khz.wav,3.9372,Assets/Audio/SFX/Footsteps/Wood/ExtractedRaw/Accepted/0276_01_hardwood_hallway_walk_woman_footsteps_seed510000_48khz_003937ms.wav,Assets/Audio/SFX/Footsteps/Wood/Guest/FS_Wood_Guest_Soft_07.wav,0.0160,0.2200,-12.00,0.003165,0.218,accept,accepted
Assets/Audio/woman-walk/01_hardwood_hallway_walk_woman_footsteps_seed510000_48khz.wav,4.4773,Assets/Audio/SFX/Footsteps/Wood/ExtractedRaw/Accepted/0277_01_hardwood_hallway_walk_woman_footsteps_seed510000_48khz_004477ms.wav,,0.0160,0.2200,-12.00,0.004785,0.304,accept,accepted
Assets/Audio/woman-walk/01_hardwood_hallway_walk_woman_footsteps_seed520000_48khz.wav,0.8057,Assets/Audio/SFX/Footsteps/Wood/ExtractedRaw/Accepted/0278_01_hardwood_hallway_walk_woman_footsteps_seed520000_48khz_000806ms.wav,,0.0160,0.2200,-12.00,0.016058,0.369,accept,accepted
Assets/Audio/woman-walk/01_hardwood_hallway_walk_woman_footsteps_seed520000_48khz.wav,1.4117,Assets/Audio/SFX/Footsteps/Wood/ExtractedRaw/Accepted/0279_01_hardwood_hallway_walk_woman_footsteps_seed520000_48khz_001412ms.wav,,0.0160,0.2200,-12.00,0.014171,0.400,accept,accepted
Assets/Audio/woman-walk/01_hardwood_hallway_walk_woman_footsteps_seed520000_48khz.wav,1.6588,Assets/Audio/SFX/Footsteps/Wood/ExtractedRaw/Accepted/0280_01_hardwood_hallway_walk_woman_footsteps_seed520000_48khz_001659ms.wav,,0.0160,0.2200,-12.00,0.008872,0.648,accept,accepted
Assets/Audio/woman-walk/01_hardwood_hallway_walk_woman_footsteps_seed520000_48khz.wav,2.1156,Assets/Audio/SFX/Footsteps/Wood/ExtractedRaw/Accepted/0281_01_hardwood_hallway_walk_woman_footsteps_seed520000_48khz_002116ms.wav,Assets/Audio/SFX/Footsteps/Wood/Butler/FS_Wood_Butler_Soft_02.wav,0.0160,0.2200,-12.00,0.004932,0.148,accept,accepted
Assets/Audio/woman-walk/01_hardwood_hallway_walk_woman_footsteps_seed520000_48khz.wav,2.6188,Assets/Audio/SFX/Footsteps/Wood/ExtractedRaw/Accepted/0282_01_hardwood_hallway_walk_woman_footsteps_seed520000_48khz_002619ms.wav,,0.0160,0.2200,-12.00,0.018800,0.252,accept,accepted
Assets/Audio/woman-walk/01_hardwood_hallway_walk_woman_footsteps_seed520000_48khz.wav,3.0334,Assets/Audio/SFX/Footsteps/Wood/ExtractedRaw/Accepted/0283_01_hardwood_hallway_walk_woman_footsteps_seed520000_48khz_003033ms.wav,Assets/Audio/SFX/Footsteps/Wood/Guest/FS_Wood_Guest_Soft_02.wav,0.0160,0.2200,-12.00,0.008650,0.278,accept,accepted
Assets/Audio/woman-walk/01_hardwood_hallway_walk_woman_footsteps_seed520000_48khz.wav,3.4658,Assets/Audio/SFX/Footsteps/Wood/ExtractedRaw/Accepted/0284_01_hardwood_hallway_walk_woman_footsteps_seed520000_48khz_003466ms.wav,,0.0160,0.2200,-12.00,0.009038,0.349,accept,accepted
Assets/Audio/woman-walk/01_hardwood_hallway_walk_woman_footsteps_seed520000_48khz.wav,3.9799,Assets/Audio/SFX/Footsteps/Wood/ExtractedRaw/Accepted/0285_01_hardwood_hallway_walk_woman_footsteps_seed520000_48khz_003980ms.wav,,0.0160,0.2200,-12.00,0.010334,0.271,accept,accepted
Assets/Audio/woman-walk/01_hardwood_hallway_walk_woman_footsteps_seed520000_48khz.wav,4.4992,Assets/Audio/SFX/Footsteps/Wood/ExtractedRaw/Rejected/0286_01_hardwood_hallway_walk_woman_footsteps_seed520000_48khz_004499ms.wav,,0.0160,0.2200,-12.00,0.014362,0.655,reject,continuous ambience/noise
Assets/Audio/woman-walk/01_hardwood_hallway_walk_woman_footsteps_seed520000_48khz.wav,4.6280,Assets/Audio/SFX/Footsteps/Wood/ExtractedRaw/Rejected/0287_01_hardwood_hallway_walk_woman_footsteps_seed520000_48khz_004628ms.wav,,0.0160,0.2200,-12.00,0.040462,0.602,reject,continuous ambience/noise
Assets/Audio/woman-walk/02_thick_carpet_room_walk_woman_footsteps_seed510097_48khz.wav,0.0990,Assets/Audio/SFX/Footsteps/Wood/ExtractedRaw/Accepted/0288_02_thick_carpet_room_walk_woman_footsteps_seed510097_48khz_000099ms.wav,,0.0160,0.2200,-12.00,0.006056,0.494,accept,accepted
Assets/Audio/woman-walk/02_thick_carpet_room_walk_woman_footsteps_seed510097_48khz.wav,0.5838,Assets/Audio/SFX/Footsteps/Wood/ExtractedRaw/Accepted/0289_02_thick_carpet_room_walk_woman_footsteps_seed510097_48khz_000584ms.wav,,0.0160,0.2200,-12.00,0.013221,0.302,accept,accepted
Assets/Audio/woman-walk/02_thick_carpet_room_walk_woman_footsteps_seed510097_48khz.wav,1.1239,Assets/Audio/SFX/Footsteps/Wood/ExtractedRaw/Accepted/0290_02_thick_carpet_room_walk_woman_footsteps_seed510097_48khz_001124ms.wav,,0.0160,0.2200,-12.00,0.009045,0.248,accept,accepted
Assets/Audio/woman-walk/02_thick_carpet_room_walk_woman_footsteps_seed510097_48khz.wav,1.4928,Assets/Audio/SFX/Footsteps/Wood/ExtractedRaw/Accepted/0291_02_thick_carpet_room_walk_woman_footsteps_seed510097_48khz_001493ms.wav,,0.0160,0.2200,-12.00,0.008471,0.483,accept,accepted
Assets/Audio/woman-walk/02_thick_carpet_room_walk_woman_footsteps_seed510097_48khz.wav,1.9113,Assets/Audio/SFX/Footsteps/Wood/ExtractedRaw/Accepted/0292_02_thick_carpet_room_walk_woman_footsteps_seed510097_48khz_001911ms.wav,,0.0160,0.2200,-12.00,0.002155,0.080,accept,accepted
Assets/Audio/woman-walk/02_thick_carpet_room_walk_woman_footsteps_seed510097_48khz.wav,2.2218,Assets/Audio/SFX/Footsteps/Wood/ExtractedRaw/Accepted/0293_02_thick_carpet_room_walk_woman_footsteps_seed510097_48khz_002222ms.wav,,0.0160,0.2200,-12.00,0.009824,0.228,accept,accepted
Assets/Audio/woman-walk/02_thick_carpet_room_walk_woman_footsteps_seed510097_48khz.wav,2.5284,Assets/Audio/SFX/Footsteps/Wood/ExtractedRaw/Rejected/0294_02_thick_carpet_room_walk_woman_footsteps_seed510097_48khz_002528ms.wav,,0.0160,0.2200,-12.00,0.021629,0.929,reject,second strong transient
Assets/Audio/woman-walk/02_thick_carpet_room_walk_woman_footsteps_seed510097_48khz.wav,2.9802,Assets/Audio/SFX/Footsteps/Wood/ExtractedRaw/Accepted/0295_02_thick_carpet_room_walk_woman_footsteps_seed510097_48khz_002980ms.wav,,0.0160,0.2200,-12.00,0.006279,0.303,accept,accepted
Assets/Audio/woman-walk/05_wood_stair_steps_woman_footsteps_seed510388_48khz.wav,0.2360,Assets/Audio/SFX/Footsteps/Wood/ExtractedRaw/Accepted/0296_05_wood_stair_steps_woman_footsteps_seed510388_48khz_000236ms.wav,Assets/Audio/SFX/Footsteps/Wood/Guest/FS_Wood_Guest_Soft_04.wav,0.0160,0.2200,-12.00,0.003711,0.101,accept,accepted
Assets/Audio/woman-walk/05_wood_stair_steps_woman_footsteps_seed510388_48khz.wav,0.6942,Assets/Audio/SFX/Footsteps/Wood/ExtractedRaw/Accepted/0297_05_wood_stair_steps_woman_footsteps_seed510388_48khz_000694ms.wav,,0.0160,0.2200,-12.00,0.002658,0.121,accept,accepted
Assets/Audio/woman-walk/05_wood_stair_steps_woman_footsteps_seed510388_48khz.wav,1.1627,Assets/Audio/SFX/Footsteps/Wood/ExtractedRaw/Accepted/0298_05_wood_stair_steps_woman_footsteps_seed510388_48khz_001163ms.wav,Assets/Audio/SFX/Footsteps/Wood/Butler/FS_Wood_Butler_Soft_04.wav,0.0160,0.2200,-12.00,0.002125,0.095,accept,accepted
Assets/Audio/woman-walk/05_wood_stair_steps_woman_footsteps_seed510388_48khz.wav,1.6665,Assets/Audio/SFX/Footsteps/Wood/ExtractedRaw/Accepted/0299_05_wood_stair_steps_woman_footsteps_seed510388_48khz_001666ms.wav,,0.0160,0.2200,-12.00,0.006790,0.486,accept,accepted
Assets/Audio/woman-walk/05_wood_stair_steps_woman_footsteps_seed510388_48khz.wav,2.1969,Assets/Audio/SFX/Footsteps/Wood/ExtractedRaw/Accepted/0300_05_wood_stair_steps_woman_footsteps_seed510388_48khz_002197ms.wav,,0.0160,0.2200,-12.00,0.004433,0.194,accept,accepted
Assets/Audio/woman-walk/05_wood_stair_steps_woman_footsteps_seed510388_48khz.wav,2.9763,Assets/Audio/SFX/Footsteps/Wood/ExtractedRaw/Accepted/0301_05_wood_stair_steps_woman_footsteps_seed510388_48khz_002976ms.wav,,0.0160,0.2200,-12.00,0.006144,0.292,accept,accepted
