file,scope,loc,sha256,FindObject,ResourcesLoad,NewGameObject,AddComponent,RuntimeInitialize,PlayerPrefs,ExecuteAlways,StopAllCoroutines
Assets/Editor/AnimationLibraryClipBuilder.cs,Editor,152,a1296be2d71b517b3a4a4e5682939f78238f8eb36ddc92acc2641a7ed79ef050,0,0,0,0,0,0,0,0
Assets/Editor/AnimationLibrarySpriteImportPostprocessor.cs,Editor,52,9ced7d306f1d29cbf107f74365f97dcb347dba9fc877fc9d2a84ea29b1a2dfca,0,0,0,0,0,0,0,0
Assets/Editor/ButlerRoomScaleCalibrationWindow.cs,Editor,1037,1c5eda162e92d80e0314c08f863a00f387e4dcb5f64c4a824c20957fac38d157,0,0,0,0,0,0,0,0
Assets/Editor/Chapter1GuestRoomVisibilityRegressionTests.cs,Test,537,ca509022f5b6f465d9544f626117b90e78cac2998119a1a80e4b00b6565cca6c,1,0,0,0,0,0,0,1
Assets/Editor/Chapter2PanicAnimationLibraryBuilder.cs,Editor,382,1bd3662beb70c5a24fb4066663739953aa4549e38b0104764327c9b2f452c61b,0,0,0,0,0,0,0,0
Assets/Editor/Chapter2RegressionTests.cs,Test,1726,69c6b5343343f799f073e89d5aad012dd1cffba8a72930bbf6ed836e802f14e2,1,3,3,9,0,0,0,0
Assets/Editor/CharacterAnimationAssetBuilder.cs,Editor,264,a50296ae437e9af23b873c29ed40cb65125615a87da01e6c9ea6379607230ec7,0,0,0,0,0,0,0,0
Assets/Editor/CharacterRegressionTests.cs,Test,1289,7509179ecf601dca0b4cd5f7ad69bcf844214e89fc556422efc7b994a8483b0d,0,0,0,0,0,0,1,0
Assets/Editor/CursorIconImportPostprocessor.cs,Editor,29,6052a43709f2b420e1e54eb9ddb06c78287a1252541370b98414c92dde28e0d7,0,0,0,0,0,0,0,0
Assets/Editor/EditorFrameRateCap.cs,Editor,60,4f4d9e8277632a64879e01e6224d2332cb0b81ef30b4762a2a4cc4a0c814f428,0,0,0,0,0,0,0,0
Assets/Editor/FireplaceFlamePlacement.cs,Editor,239,eddbed04bf0adc451938cf3a6778b0fa7db387a6b847c82b8d0d159f65d85ec4,0,0,0,0,0,0,0,0
Assets/Editor/FlameBloomSeparationTools.cs,Editor,276,04bde2949f098be412916f3da33cc14843a6a057fe8d06c1e1e54a8cd815c600,0,0,2,1,0,0,0,0
Assets/Editor/FlameParticleMaterialRepair.cs,Editor,283,4502daaab66ce8c5bf0b6d93742602a70feb8d079d7581151266db673cd416e9,0,0,0,0,0,0,0,0
Assets/Editor/FootstepCatalogTools.cs,Editor,377,f680c6a37fce3a9b20d375dc3196589324b39df2cb13b821109ef6208ffd8d37,0,0,0,0,0,0,0,0
Assets/Editor/GameplayPlayModeGuard.cs,Editor,77,4a5b0a840551d4378fa262260ed7c19def9a5061406d573a5e82873893d72e4e,0,0,0,0,0,0,0,0
Assets/Editor/Guest2ButlerAnimationAssetBuilder.cs,Editor,275,ad11a6eb1304675f367b82d0266269c73d5cea1fe3459c204324bfbed9b7bd60,0,0,0,1,0,0,0,0
Assets/Editor/GuestButlerScaleRegressionTests.cs,Test,1342,a2c93a8de3550e408d20421beb80f50fa8cd15e0675d3750d2ef03791ae8adc6,0,0,47,55,0,0,0,0
Assets/Editor/GuestRoomScaleMasterWindow.cs,Editor,1393,a963ddeb29d15b1cb7f0d15be9852194aee89ac433a788afc526024e8a59ea54,19,0,1,1,0,0,0,0
Assets/Editor/GuestScaleAudit.cs,Editor,415,31e28420d02764fbb1d9d809e6bc29fdc31f735c39f50029e65bf6a4bdc72c99,0,0,0,0,0,0,0,0
Assets/Editor/HeadTurnSpriteImportPostprocessor.cs,Editor,41,a5baa34dac10806eee5ee78b4b29d18d953611890c46adb83ef8b370fca0b91a,0,0,0,0,0,0,0,0
Assets/Editor/NavigationEditorTools.cs,Editor,1154,9a0ee95ae6e2ebc6fff845f9ae9bb3f5529e5c5aef2f22707a050e850cd479cb,0,0,2,4,0,0,0,0
Assets/Editor/NavigationRegressionTests.cs,Test,1396,9c2efa2e160f610ef37c65ed2b36b429b05e883ca72c5e2a36b2b642ec5942c9,2,1,3,5,0,0,1,0
Assets/Editor/NavigationRoomImageShaderControlsWindow.cs,Editor,324,c103db5e8b35f4a0db64a255f518efbc15a4bb0155fbe8a6635d4531005f020e,0,0,0,0,0,0,0,0
Assets/Editor/ObjectCollisionBoxAuthoringWindow.cs,Editor,782,2b855205f67f8c308382b19544f6e7851f78dce53625316f27cc96b44c1d72c7,2,0,1,2,0,0,0,0
Assets/Editor/ObjectCollisionBoxRegressionTests.cs,Test,158,1f9a17a825b1c908ba3c48c5245575bd9f2b1d150301b79dc987270c2fff1add,0,0,4,5,0,0,0,0
Assets/Editor/OddityRegressionTests.cs,Test,37,b6dab0fb53971ea042f22e8f8f14ead4087788a3a4195ff99d001de8f15e5a4a,0,0,0,0,0,0,1,0
Assets/Editor/PlayModeLayoutCaptureWindow.cs,Editor,786,9915c34a2804d898f091a2b191ada30d4ea637d9947ee4c397336d7bce0bfbc3,0,0,0,0,0,0,0,0
Assets/Editor/PointClickPlayerMovementEditor.cs,Editor,34,77872f13725e5f8021356c403174e7bb88be1103bd919b07431be08acc29aa90,0,0,0,0,0,0,0,0
Assets/Editor/RoomEnvironmentAuthoringWindow.cs,Editor,675,92dd5dec1d433cbc59b3f137b1d84a633604cee35010134266fb001f3c53c2b6,1,0,1,1,0,0,0,0
Assets/Editor/RoomLightingRegressionTests.cs,Test,174,094ed07a2b28ef354d87344c1fb8f36d9d922cd9e11085dd410f7d4f09395bed,0,1,0,0,0,0,2,0
Assets/Editor/RoomPerspectiveProfileEditor.cs,Editor,188,baa91605a1ae06c4b1a45ef78495b96057543a924e71bade917d607f88b07f1d,0,0,0,0,0,0,0,0
Assets/Editor/RoomProjectedEntityEditor.cs,Editor,258,af6e1959088229e13ba2d14a61ab6e38a9cc4ad49aee3b994dbad03b5ae169f4,0,0,0,0,0,0,0,0
Assets/Editor/RoomProjectionCalibrationWindow.cs,Editor,281,a96302d8d7613817d03f37c0fd455ed6e7044b271796b0c8f9db6fd01c6c288d,0,0,0,0,0,0,0,0
Assets/Editor/RoomProjectionRegressionTests.cs,Test,649,60f59a266e802efb8c015942c6d23ee5a4be722970414827e61e5f768e93bb3a,0,0,10,16,0,0,0,0
Assets/Editor/StoryActorRoomStageLockingTests.cs,Test,272,ccfe30980567d6edc95c45b208b5e3e8c57508ed5aaad8110518c617aebc368a,0,0,10,3,0,0,0,0
Assets/Editor/SubtitlePresentationRegressionTests.cs,Test,134,7a59b7e223dcd81c880d94ce295fed2a7641658827f965af1bd6a68ac5abfb30,0,0,0,0,0,0,0,0
Assets/Editor/UnityEditorAudioGuard.cs,Editor,171,e99ed762fa257c4eb54c15e775b30d8ab6b6ae42a261c10eaac53e13fa3f8f44,0,0,0,0,0,0,0,0
Assets/Map/CameraManager.cs,Runtime,2936,7ced7e377e5e3f900a57fda4241ea8eb2d4d72faeb95c2a2fc1f7de302fd1be0,5,0,0,0,1,0,0,0
Assets/Scripts/Audio/Chapter2PanicScreamCatalog.cs,Runtime,46,3d5a3c1ac00f6c230d540338987f3ad1a02dd2b1ff43cb0a2fe0a688c6863637,0,0,0,0,0,0,0,0
Assets/Scripts/Audio/ClockTickingAmbienceCatalog.cs,Runtime,256,53391df6b69d067828a0d28686389a98d2594a524cb6937969ac0640573b2b1a,0,0,0,0,0,0,0,0
Assets/Scripts/Audio/ClockTickingAmbienceController.cs,Runtime,279,6ea68182fe1436690c313e16b33216c77683f315f668f003b759975f0e791d6a,3,1,1,1,0,0,0,0
Assets/Scripts/Audio/DialogueSpeechService.cs,Runtime,368,c281b3256ec59ab34f7a178e3419211abfe62052f09c1022b103a6b2ed38b4f0,3,0,1,0,0,0,0,0
Assets/Scripts/Audio/DoorOpenSoundCatalog.cs,Runtime,49,718fca57d99144bd832a09fa83a7428d2056eb0b4baa79c2bb00b1b280e5f9e7,0,0,0,0,0,0,0,0
Assets/Scripts/Audio/FireplaceAmbienceCatalog.cs,Runtime,161,5d845c3f37d8a508ffd3dc71927e654f9495de69ccc95ac107c25242b006b73b,0,0,0,0,0,0,0,0
Assets/Scripts/Audio/FireplaceAmbienceController.cs,Runtime,267,8f2847d6829a061ebdf5c604d3eafeaf8273f16d62e9035397ba7d1ee7324f52,3,1,1,2,0,0,0,0
Assets/Scripts/Audio/GameAudioChannel.cs,Runtime,7,92f2a842477462d9437a49e84a470440208900e7443b9ea242fad31dee7d7236,0,0,0,0,0,0,0,0
Assets/Scripts/Audio/GameAudioSettings.cs,Runtime,203,e499bbcaa83a98bba5916b747d8833458f69e0c85a239df22918f02ff88aa500,0,0,0,1,0,3,0,0
Assets/Scripts/Audio/GameAudioSourceVolume.cs,Runtime,65,f31ae5aadff8a268ef0f277dd725dcd1269a6f043c92acd35a124e96b9ee3b73,0,0,0,0,0,0,0,0
Assets/Scripts/Audio/GuestFootstepAudio.cs,Runtime,286,e353afd0ec302b172996a3fa200392e87c780abc18789ffcf5ceda19301a02bf,0,0,1,3,0,0,0,0
Assets/Scripts/Audio/GuestFootstepCatalog.cs,Runtime,156,9b383135dcec1caa49c51f3e64f4abec51de5ba77b35270311d005f16ff596a9,0,0,0,0,0,0,0,0
Assets/Scripts/Audio/GuestVoiceLineCatalog.cs,Runtime,50,5744f329949b84e3a16647bce734c75473d982467bc87d75b6d5ab004c3b81f7,0,0,0,0,0,0,0,0
Assets/Scripts/Audio/GuestVoiceLinePlayback.cs,Runtime,474,27441785d42059abd0febcca6a925e8e6beeae773ec3256d886cf8c83df40069,3,1,2,2,0,0,0,0
Assets/Scripts/Audio/PlayerFootstepAudio.cs,Runtime,304,89b11ffc5655ca33c96bf581e1fb13200b91ff86c3ad6c380fcd8a9f61a716b8,0,1,1,3,0,0,0,0
Assets/Scripts/CharacterController2D.cs,Runtime,221,48dbf4b93ba2ab86de24dc0c4df8a7a8903163fbd91fcecb65e8708ab97f4faa,0,0,0,2,0,0,0,0
Assets/Scripts/Characters/CharacterAnimatorDriver.cs,Runtime,178,d49bae2e75203b965d64cc443ab3f48662daf1e5de35a992df41be4f77d23ed9,0,0,0,0,0,0,0,0
Assets/Scripts/Characters/CharacterVisualProfile.cs,Runtime,145,02d988ff5cfec8bede2d6606d6db48507b2eb564f5fa0123861883bea1d5634b,0,0,0,0,0,0,0,0
Assets/Scripts/Characters/DiningRoomSeatedGuestOcclusionController.cs,Runtime,153,f8cf94706f213061e36071563a154123e03099da6a19c3529ac349ca55024e12,1,0,0,1,0,0,0,0
Assets/Scripts/Characters/DiningRoomSeatedGuestOcclusionException.cs,Runtime,277,7a93572692c5080600e4ad99e1444569a1ebaaddbfa4fde19a8b0d07a91f5773,0,0,0,1,0,0,0,0
Assets/Scripts/Characters/GuestRoomScaleApplier.cs,Runtime,844,78fa1a9b694f2fd55c8ebee78378cd05609b2e7f413a21581d03e85316b6f83e,7,0,1,2,0,0,0,0
Assets/Scripts/Characters/GuestRoomScaleCalibration.cs,Runtime,371,5b1badede4bf851830821636e2eab3c5941f30abfdd4d867e8fd1fa088df1da1,1,0,0,0,0,0,0,0
Assets/Scripts/Characters/GuestRoomStageScaleUtility.cs,Runtime,188,8e9869d4fe47da4f2b70c13fc2cfdf72d6f916823f8d082db4d6392944b925d4,2,0,0,0,0,0,0,0
Assets/Scripts/Characters/GuestScaleParticipant.cs,Runtime,748,5fec7ade513cdbba7333f07970e5483b8cb9a131968e7b0343ec6af43b33cf39,2,0,0,0,0,0,0,0
Assets/Scripts/Characters/RoomPersonWalker2D.cs,Runtime,803,fb003a698e78b63fef15c180307c6c1046741602639e7f9edcf8e4857b93ae21,1,0,0,0,0,0,1,0
Assets/Scripts/Characters/RoomPerspectiveProfile.cs,Runtime,262,ef145b933ebf7d30d7e8f5ced5450749eb2dc5fe93c2852ced3d05fee26fee83,0,0,0,0,0,0,0,0
Assets/Scripts/Characters/RoomProjectedEntity.cs,Runtime,1229,593595a7722993c01ef73d4afa2d61026e4f82811d49b7d432c302a65c957574,3,0,0,0,0,0,1,0
Assets/Scripts/Characters/WorldYSortSpriteRenderer.cs,Runtime,176,e85c62dc7499f124565c3c1158ebd3a1072740c3e437efb8876da2ad5af050ce,1,0,0,0,0,0,1,0
Assets/Scripts/Characters/YSortSolidObstacle2D.cs,Runtime,91,b9834dbaf5138b9487f3d7b43207c5c14a4b108d1a02a5d1b5d5c4fcf164bf85,0,0,0,0,0,0,1,0
Assets/Scripts/Environment/RoomEnvironmentMarker.cs,Runtime,40,eb21bf93d692975d3be5564d0af4a639682f3877bac80f9974382f7701ee8c1d,0,0,0,0,0,0,0,0
Assets/Scripts/Lighting/NoPostProcessRenderLayer.cs,Runtime,60,6ad2346d0fd8564c127bdf6477ec8a17c1f6a37e6a08c9be8d0ea57363893ee3,0,0,0,0,0,0,1,0
Assets/Scripts/Lighting/PostProcessBypassCamera.cs,Runtime,158,b17d1d7de49a8b98026618719fd72d3951a289752fc646fc35b5cc4db1fa2fa8,1,0,1,1,0,0,1,0
Assets/Scripts/Lighting/RoomLightOverlay.cs,Runtime,421,5a408021035f3dbdd557b80716930ccef5d26d78398d715dd3fe0fa8576cd0df,0,0,0,0,0,0,1,0
Assets/Scripts/Lighting/RoomLightingController.cs,Runtime,777,b12618ac851d32801fd41bea49eaa700d9660695b387e1c5c04a6328ac2b5fd3,4,1,4,5,0,0,1,0
Assets/Scripts/Lighting/RoomLightingPreset.cs,Runtime,44,4497d9fcdd9ff0bef2b9cb791d7cc1abdea2958d4568a97fc5cf7281b8e99ba7,0,0,0,0,0,0,0,0
Assets/Scripts/MainMenuController.cs,Runtime,1516,ac75d05f3eaedf216c3ec8f1a281e494bfc679b31a0a291ef777527d11f3fbd6,3,0,15,1,0,0,0,0
Assets/Scripts/Navigation/DoorButton.cs,Runtime,190,3869168650c8132e207fc2bc1eb1329c690b5eac2142d753449401dcdf123b0a,1,0,0,0,0,0,0,0
Assets/Scripts/Navigation/DoorCameraSequence.cs,Runtime,92,28d4de65604ca4cc675145e66b019bf07af5c0ee060389ed1e51b8022a02664e,0,0,0,0,0,0,0,0
Assets/Scripts/Navigation/DoorDataParser.cs,Runtime,173,fc0de0dbfafea306f2432a283c6e6d5af46c308395c7687ef3981b292cb33a63,0,0,0,0,0,0,0,0
Assets/Scripts/Navigation/DoorPromptSequenceController.cs,Runtime,274,1df3a04ad7b861d35720eec5da8c375cc92e39b8eba45ff911ee0e9487acc64f,3,1,1,0,0,0,0,0
Assets/Scripts/Navigation/DoorTriggerNavigation.cs,Runtime,1401,5138892973a2cd609991f2dd9d8777b657b0501225dcd69a338ea73c403182c3,4,2,0,0,1,0,0,0
Assets/Scripts/Navigation/ObjectMovementBlocker2D.cs,Runtime,179,700da61bfec106c114c48f9be426c4581299bfdf5bd1d1486bb0920867790c5b,0,0,0,0,0,0,1,0
Assets/Scripts/Navigation/RoomContentGroup.cs,Runtime,256,2e326000243b12f6bf243bb6d88342100cde82a0b9a1d96d312e6ca1f80a96f8,0,0,0,0,0,0,0,0
Assets/Scripts/Navigation/RoomNavigationBootstrap.cs,Runtime,69,0c6c82b6cfda2360537e4b9a4dab5fb30ec1cf0db661670b15fd97010a6702c9,5,0,1,2,3,0,0,0
Assets/Scripts/Navigation/RoomNavigationManager.cs,Runtime,1268,e53358187d766eb8b113a84b2a3131e4a8fa11077cfc39950ebd5c23fc4788f5,16,3,1,0,0,0,0,0
Assets/Scripts/Navigation/RoomVisualCatalog.cs,Runtime,45,b4f13f7b9b7408417349da34bfb2bdba0f94f1153a5a95723ecebfd2d9ecb82c,0,0,0,0,0,0,0,0
Assets/Scripts/NewBehaviourScript.cs,Runtime,18,51a023a461601d5e10bfc9eda37c221a29772a593b47f7afab874772666aba9f,0,0,0,0,0,0,0,0
Assets/Scripts/Oddities/OdditySpriteAnimator.cs,Runtime,246,3202fd562a345dfcac11fc92f5ff6b2a21c1a92421b5e5116d41dca28e014e95,0,0,0,0,0,0,1,0
Assets/Scripts/PickupObject.cs,Runtime,43,14502e1cff6a06070ede9f9a1bf598914cd60789e01eb0bdba866adc3fa66120,0,0,0,0,0,0,0,0
Assets/Scripts/PlayerMovement.cs,Runtime,300,31c9b36c0da4d8d2400eecf69af5cef09a40479fbdb46db59a5a83631937875b,0,0,0,0,0,0,0,0
Assets/Scripts/PointClickPlayerMovement.cs,Runtime,4348,43e56ee201f78b929562c848d3169843ee4da7b8de5ce75ae0f7f05c441da7f7,14,0,0,1,0,0,0,0
Assets/Scripts/StaticFrameGroup.cs,Runtime,68,a6e9bfe9198618604874867332b8057010a882673c4a5e33f99b527c2024080a,0,0,0,0,0,0,0,0
Assets/Scripts/StaticNoisePlayer.cs,Runtime,305,72ec16941ba8525c25778164fa389c07a937790fdd6c1dc12e045c9ce00e8bc4,0,0,0,0,0,0,0,0
Assets/Scripts/StaticSet.cs,Runtime,35,102d81689aba1e00eb5597e6f8c639fc6c11d111743c6dc53509bc58fdbb7489,0,0,0,0,0,0,0,0
Assets/Scripts/StaticSetImagePlayer.cs,Runtime,288,5917df17424f54974dd13fddda9f9de158dd1b818a0597ea3da17c3c2fa4c9f0,0,0,0,0,0,0,0,0
Assets/Scripts/Story/ActorRoomState.cs,Runtime,1012,a38f215b57e4ab61f116346c6b7cfaf288d5b92dba60db422dec6f3e5842e684,3,0,0,0,0,0,0,0
Assets/Scripts/Story/ChapterClock.cs,Runtime,110,f04c7b3bc6e854efe581bb742004ef8f01eeaaa83e71fc06ed3d27830b2de152,0,0,0,0,0,0,0,0
Assets/Scripts/Story/ChapterEventScheduler.cs,Runtime,166,b1c746bc0c27863e22bab319dc25a1a0f580e9695b01deddffe52f0749e3408a,1,0,0,0,0,0,0,0
Assets/Scripts/Story/ChapterIntroUI.cs,Runtime,536,e341155b4ef32434b3e54451c6028a98b7f598480f64a3d0ac34720dd2cb83f8,1,0,4,2,0,0,0,0
Assets/Scripts/Story/ChapterManager.cs,Runtime,814,2b8f44d1eb02a3232afd8f5347637a76abe978ff5ad7c7ee23f87b124d2aeee5,7,0,1,7,1,0,0,0
Assets/Scripts/Story/ChapterTimeSettingsUI.cs,Runtime,138,4919887650f5464d406515086b8f8161ebc6d14aa175d35687adba343e2a8dd2,3,0,3,1,0,0,0,0
Assets/Scripts/Story/CoatCloset.cs,Runtime,43,652a66bdc0bb4453f7a350862423482f26c46687e055503efc2c194e301293a8,0,0,0,0,0,0,0,0
Assets/Scripts/Story/DoorbellSystem.cs,Runtime,238,6e5fd5dd2154ca7c89f1d198a6a0231bfc84a3882c6576e21d3cd57af08e377c,1,1,0,1,0,0,0,0
Assets/Scripts/Story/GameClockHandsDisplay.cs,Runtime,610,b2031ec94f3cbec5a43c6a84fcd977de64f99750d9e21afbfde0f99282f54d7c,5,0,3,1,1,0,0,0
Assets/Scripts/Story/GameplayRuntimeState.cs,Runtime,55,1715d0c2f73ca80b5615794f07ffc583f3568c0a475cbb412b61edd4a89b3d09,0,0,0,0,1,0,0,0
Assets/Scripts/Story/GrandfatherClockInteraction.cs,Runtime,298,13a94ff10eaf67bb17d1a1e819f3179ba74ac28efc34b2091bd19271e064cb59,4,0,6,1,0,0,0,0
Assets/Scripts/Story/NPCWaypointMover.cs,Runtime,245,98b32aea8b442dd0ecc52979f3771d824dfd4cb1ddccfae45866d776456dbb16,0,0,0,0,0,0,0,0
Assets/Scripts/Story/RoomAnchor.cs,Runtime,73,24692d69b8889c20f10a7db220685942dc1fee11075c360764e0b996b6c2a1f1,0,0,0,0,0,0,0,0
Assets/Scripts/UI/CursorStyleCatalog.cs,Runtime,151,e01bb46c0695870676f9e1f6ef69265ca67cb377d7680523528b06163501ff33,0,1,0,0,0,3,0,0
Assets/Scripts/UI/NavigationCursorHoverTarget.cs,Runtime,100,e82ebf78e5b957d6319e5e8471528aa46014b47a75bf3e94d897dd6c6bc7af71,0,0,0,0,0,0,0,0
Assets/Scripts/UI/PostProcessSafeCanvasUtility.cs,Runtime,125,af5f76cac6062a8f1acdfb6c5d916912f83f1fedfc28fbe2ed1db92607f8f196,3,0,1,3,0,0,0,0
Assets/Scripts/UI/RuntimeSettingsMenu.cs,Runtime,1628,9d4849c42e49dd1db863df8b4ba9de9ed28c50939f395c9240e98c3b1a466de0,11,0,15,12,0,0,0,0
Assets/Scripts/UI/SpeakingCharacterIndicator.cs,Runtime,649,c2af951eeac4be368cecca6e3f5939e5cde98cfed10520417485a1dadafff133,7,1,2,1,0,0,0,0
Assets/Scripts/UI/SubtitleLine.cs,Runtime,14,7ce3521c20ebebac91387915ec46b223bcfd8cf6c2dbabc7421aee8fd748c17a,0,0,0,0,0,0,0,0
Assets/Scripts/UI/SubtitleLineBank.cs,Runtime,68,942b3e99275114dbe5affdcdae9e0cf9cbe160c11687d0c90f22d1a757a06916,0,0,0,0,0,0,0,0
Assets/Scripts/UI/SubtitleService.cs,Runtime,795,f2e23cecabad090676ef9dc5e50ac3141d265296e1129dffb30e301fce90f6b5,4,1,7,2,0,0,0,0
Assets/Scripts/UrpPostProcessingBootstrap.cs,Runtime,66,c0c27f893588c90de77680ba418dd6ee13acd7985a7ba099e343202f2b7b15af,1,0,0,1,1,0,0,0
Assets/_Chateau/Scripts/Chapter/Chapter01/Chapter1ArrivalController.cs,Runtime,7193,3f7f199e680ca2745f3dca640b82bb6c16063290708c364beb402c503ee52828,27,3,7,27,0,0,0,1
Assets/_Chateau/Scripts/Chapter/Chapter01/Chapter1CoatPickup.cs,Runtime,245,66ea4162715ef550570984aa5a7e8ade9906eb12fb1ded6dae2900ae91695b59,2,0,0,0,0,0,0,0
Assets/_Chateau/Scripts/Chapter/Chapter01/Chapter1InteractionHUD.cs,Runtime,164,fbdd821a8687aace94f17e7d73ecd6bd409d5d6040d5443a799119f0acef44f9,3,0,3,0,0,0,0,0
Assets/_Chateau/Scripts/Chapter/Chapter01/Chapter1SceneAction.cs,Runtime,553,66c69d06013a3a26f9f8ed483fb4a4fcfa433bfa9fe0ed7879d722c042a113a9,4,0,0,0,0,0,0,0
Assets/_Chateau/Scripts/Chapter/Chapter01/GuestArrivalConfig.cs,Runtime,146,af55b1038cac87f84b12310ab266473c26ddac2b7a3154fbe4ec308d01d8702d,0,0,0,1,0,0,0,0
Assets/_Chateau/Scripts/Chapter/Chapter02/Chapter2Controller.cs,Runtime,1330,a24489d5e27c310711486e28a457242bf661277ce73cb10998dc7e8b63c9a8f5,7,1,0,5,0,0,0,0
Assets/_Chateau/Scripts/Chapter/Chapter02/Chapter2GuestFindAction.cs,Runtime,387,e230b6d027899f32f8382ed6f0417e39f62c02319639335ab840187c8a71b54c,2,0,0,0,0,0,0,0
Assets/_Chateau/Scripts/Chapter/Chapter02/Chapter2GuestPanicController.cs,Runtime,2814,b57f93de89b0a0219734e6a6cd5ed5631b5c91d63eb7d661a100dbbe90410ef2,6,3,1,2,0,0,0,0
Assets/_Chateau/Scripts/Chapter/Chapter02/Chapter2GuestSearchController.cs,Runtime,2745,ac80448f4d31f6bb4319ae67b4fbd540ac4ca735c318ee3cb40c64cbd9f56eee,6,0,2,3,0,0,0,0
Assets/_Chateau/Scripts/Chapter/Chapter02/Chapter2InteractionHUD.cs,Runtime,1104,b306a2c974e59660776ab815135ab52d0bcf9ac4ab307ec7f8ea3a7bb845bbe5,2,2,12,0,0,0,0,0
Assets/_Chateau/Scripts/Chapter/Chapter02/Chapter2MonsterStingerController.cs,Runtime,884,ce2d422c1fd5f3d143f94654310f32e82babe8a15ef976e3843691022a52ac29,3,3,0,2,0,0,0,0
Assets/_Chateau/Scripts/Chapter/Chapter02/Chapter2PanicAnimationLibrary.cs,Runtime,196,44f7512c3077178486a8d44ee20e05de7e9879a9c73f5fa6c936c9d1c9ce80ca,0,0,0,0,0,0,0,0
