name,kind,base_types,file,scope,loc,lifecycle,public_methods,FindObject,ResourcesLoad,NewGameObject,AddComponent,RuntimeInitialize,PlayerPrefs,ExecuteAlways,StopAllCoroutines,code_ref_count,code_ref_files,script_guid,serialized_ref_count,serialized_ref_files
AnimationLibraryClipBuilder,class,,Assets/Editor/AnimationLibraryClipBuilder.cs,Editor,152,,RebuildApprovedFullBodyClips,0,0,0,0,0,0,0,0,0,,778f17e06169b371092f9cae6acab6f8,0,
AnimationLibrarySpriteImportPostprocessor,class,AssetPostprocessor,Assets/Editor/AnimationLibrarySpriteImportPostprocessor.cs,Editor,52,,,0,0,0,0,0,0,0,0,0,,c7f485e0783e815c682d6e0602c4a32b,0,
ButlerRoomScaleCalibrationWindow,class,EditorWindow,Assets/Editor/ButlerRoomScaleCalibrationWindow.cs,Editor,1037,OnEnable,Open,0,0,0,0,0,0,0,0,3,Assets/Editor/ButlerRoomScaleCalibrationWindow.cs:1 | Assets/Editor/PointClickPlayerMovementEditor.cs:1 | Assets/Editor/RoomProjectionRegressionTests.cs:1,b61ae7064cc5496c989ffedc4041fda9,0,
Chapter1GuestRoomVisibilityRegressionTests,class,,Assets/Editor/Chapter1GuestRoomVisibilityRegressionTests.cs,Test,537,,MoveGroupToDrawingRoomDoesNotHideGuestsAtDoor | MoveGroupToDrawingRoomKeepsGuestsVisibleThroughActorRoomState | Chapter2SkipStagesGuestsVisibleInDrawingRoom | ActiveChapterGuestsKeepActorRoomStateEnabled | GuestDrawingRoomMovementDoesNotReparentIntoPresentationHierarchy | WorldSpaceGuestsUseWorldSpaceDrawingRoomTargets | LiveDoorAnswerUsesStableEntranceWorldPositions | FrontDoorActionUsesArrivalControllerAnswerSpot | DrawingRoomGuestMovementUsesEditableScenePoints | EntranceCoatHangerUsesAuthoredSceneObjectForClosetInteraction | Chapter1GuestsUseAuthoredScaleAsRoomZoomBaseline | SceneGuestsPreserveAuthoredSortingInPlayMode | EntranceHallTemporarilySortsGuestsByArrivalPair | DrawingRoomGuestsAndFurnitureUsePerspectiveDepthSorting | DrawingRoomWaitingPoseKeepsGuestsThreeFiveSevenStanding,1,0,0,0,0,0,0,1,0,,817c59f5f875bcab7a87e04519e694a3,0,
Chapter2PanicAnimationLibraryBuilder,class,,Assets/Editor/Chapter2PanicAnimationLibraryBuilder.cs,Editor,382,,RebuildPanicAnimationLibrary,0,0,0,0,0,0,0,0,1,Assets/Editor/Chapter2RegressionTests.cs:1,c302d7e8873b47d6ae661614c7b545d4,0,
Chapter2RegressionTests,class,,Assets/Editor/Chapter2RegressionTests.cs,Test,1726,LateUpdate,Chapter2ScriptSpecExists | ChapterTitlesUseChapterLabels | Chapter1ArrivalControllerDoesNotOwnChapter2 | Chapter2ControllerExistsAndDeclaresExpectedHandoff | Chapter2OpeningSpeechStopsAtMonsterStinger | Chapter2MonsterStingerControllerExists | Chapter2ControllerRunsMonsterStingerBeforeGuestSearch | Chapter2RunsGuestPanicThroughDoorExitBeforeGuestSearch | Chapter2GuestPanicUsesApprovedResourcesOnly | Chapter2PanicScreamCatalogCoversEveryGuest | GuestFootstepCatalogCoversEveryGuestAndUsesHighPassFiltering | DoorbellSystemUsesImportedVictorianDoorbellClip | GuestFootstepsFollowChapterMovementRoutines | SubtitleLineBankDefinesChapter1AndChapter2DialogueOnlyLines | ChapterSubtitlesDecorateExistingFlowWithoutOwningGameplay | ButlerVoiceLinesAreCatalogedAndProtectedFromRoutineCutoff | NewGameAndGameplayStartResetStickyPauseState | FlameParticleVelocityAxesUseConsistentCurveModes | Chapter2GuestPanicRunsBackAndForthImmediately | Chapter2GuestPanicExitsHalfTheGuestsThroughEachDrawingRoomDoor | Chapter2PanicApprovedFrameLibraryIsComplete | Chapter2GuestPanicBeginStopRestoresActorState | Chapter2GuestSearchControllerExistsAndUsesRoomState | Chapter2GuestFindActionMarksGuestsFound | Chapter2GuestClickPriorityStartsConversationOnFirstClick | Chapter2GuestSearchCreatesDedicatedRuntimeClickTargets | Chapter2GuestSearchRecordsFoundOrderAndPreferences | Chapter2GuestConversationsResumeAfterInterruptedLineWithoutRepeatingAudio | Chapter2HidesGuestsAtSevenThenSeatsGuestsOnDiningRoomReveal | Chapter2GuestPreferenceExitWalksToDoorBeforeDiningTransfer | Chapter2AllGuestsFoundCannotRunBeforePendingGuestExitCompletes | Chapter3DebugSkipStagesFoundGuestsInDiningRoom | Chapter2SevenPmDebugSkipRunsClockStrikeObjectiveBeforeDiningReveal | Chapter2HideAnchorsAreAuthoredAcrossHouse | Chapter2InteractionHudExists | Chapter2SevenOClockClockFaceIsTransparentCutout | ChapterManagerHandsOffToChapter2Controller | Chapter1CannotRetriggerChapter2AfterHandoff | Chapter2DoesNotUseHeavySystems | Chapter2AnchorNamingConventionIsDocumented,1,3,3,9,0,0,0,0,0,,ba5be95a2059cb06cbb42a25a7919640,0,
CharacterAnimationAssetBuilder,class,,Assets/Editor/CharacterAnimationAssetBuilder.cs,Editor,264,,RebuildAllCharacterAnimationAssets,0,0,0,0,0,0,0,0,1,Assets/Editor/CharacterRegressionTests.cs:1,b19e6c59a1ba48d7abb2f59cb2d26192,0,
CharacterRegressionTests,class,,Assets/Editor/CharacterRegressionTests.cs,Test,1289,,RoomPeopleAreEditableDepthScaledSceneObjects | FirstChapterGuestUsesLadyDirectionalAnimation | SecondChapterGuestUsesButlerSheetDirectionalAnimation | ThirdChapterGuestUsesMisterFlorianDirectionalAnimation | FourthChapterGuestUsesCountessDirectionalAnimation | CustomMaleSideStandingFramesMatchWalkScale | NamedGuestAnimationAssetsUseExpectedIdleAndDirectionalWalks | LaterGuestEntranceStandingIdlesUseComparableWorldHeight | LaterChapterGuestsUseAuthoredNamedAnimations | ButlerClassicHasFourDirectionalIdleStates | GentlemanBlackUsesDirectionalAnimationRows | ButlerWalkUpUsesFullBackStride,0,0,0,0,0,0,1,0,0,,7f19fae08fb5483692f9019beb0ffef8,0,
CursorIconImportPostprocessor,class,AssetPostprocessor,Assets/Editor/CursorIconImportPostprocessor.cs,Editor,29,,,0,0,0,0,0,0,0,0,1,Assets/Editor/NavigationRegressionTests.cs:1,4a2cc4800cb0aa3f0a21782f572581a7,0,
EditorFrameRateCap,class,,Assets/Editor/EditorFrameRateCap.cs,Editor,60,,,0,0,0,0,0,0,0,0,1,Assets/Editor/EditorFrameRateCap.cs:1,1cb130c9dd4a4b6c8c0fa01a899b9c21,0,
FireplaceFlamePlacement,class,,Assets/Editor/FireplaceFlamePlacement.cs,Editor,239,,PlaceFlamesInOpenFireplaces,0,0,0,0,0,0,0,0,1,Assets/Editor/Chapter2RegressionTests.cs:1,9e7c6761619b4dcf93a50e0ebd95072c,0,
FlameBloomSeparationTools,class,,Assets/Editor/FlameBloomSeparationTools.cs,Editor,276,,SetupSelectedFlame | CanSetupSelectedFlame,0,0,2,1,0,0,0,0,1,Assets/Editor/RoomLightingRegressionTests.cs:1,bd11115c95594c24bff41f639b61db89,0,
FlameParticleMaterialRepair,class,,Assets/Editor/FlameParticleMaterialRepair.cs,Editor,283,,RepairOpenFlameParticles | RepairSelectedParticleMaterials,0,0,0,0,0,0,0,0,1,Assets/Editor/Chapter2RegressionTests.cs:1,1aa84b6e0b2146c6ad9c5360d1738a55,0,
FootstepCatalogTools,class,,Assets/Editor/FootstepCatalogTools.cs,Editor,377,,RebuildFootstepCatalogs | ValidateFootstepOneShots,0,0,0,0,0,0,0,0,0,,45a8a43398ad49079ad7f0d0c063d111,0,
GameplayPlayModeGuard,class,,Assets/Editor/GameplayPlayModeGuard.cs,Editor,77,,,0,0,0,0,0,0,0,0,2,Assets/Editor/GameplayPlayModeGuard.cs:1 | Assets/Editor/NavigationRegressionTests.cs:1,3fa93d5d39b1423d9ce4775324c39a46,0,
Guest2ButlerAnimationAssetBuilder,class,,Assets/Editor/Guest2ButlerAnimationAssetBuilder.cs,Editor,275,,RebuildGuest2ButlerAnimation,0,0,0,1,0,0,0,0,0,,11d1669a85674c94b930b301d60a660c,0,
GuestRoomScaleRegressionTests,class,,Assets/Editor/GuestButlerScaleRegressionTests.cs,Test,1342,,PointClickPlayerMovementExposesSharedButlerScaleEvaluator | GuestRoomScaleCalibrationInitializesFromButler | GuestRoomScaleCalibrationEvaluatesButlerCurveWithRoomMultiplier | GuestRoomScaleCalibrationDoesNotExposeLegacyScaleMutatorMethods | SavingRoomGuestSizeStoresReferenceRoomStageScale | GuestRoomScaleApplierAppliesRoomZoomToGuestsOutsideStage | GuestRoomScaleApplierDoesNotDoubleZoomGuestsInsideStage | GuestEffectiveScaleMatchesRoomZoom | GuestRoomStageScaleUtilityCalculatesRoomZoomFromReferenceScale | GuestScaleParticipantCapturesGuestBaseScale | GuestRoomScaleApplierAppliesScaleToGuestPrefabInstances | GuestRoomScaleApplierUsesWalkerTargetGraphic | GuestRoomScaleApplierDoesNotCreateParticipantsForLegacyWalkers | GuestRoomScaleApplierClassifiesManagedChapterGuestsOnly | GuestRoomScaleApplierIgnoresExistingLegacyWalkerParticipants | GuestRoomScaleApplierUsesProjectedVisualRootForFloorCharacters | GuestRoomScaleApplierIgnoresCoatVisuals | TakingAndReturningCoatDoesNotChangeGuestBodyScale | EntranceGuestsUseGrandEntranceHallRoomMultiplier | GuestRoomScaleApplierRefreshRoomNowTargetsSelectedRoomOnly | SeatedGuestsDoNotAutoShrinkWithoutExplicitOverride | GuestScaleParticipantAppliesTargetButlerScaleFromCapturedBaseAspect | GuestRoomScaleApplierDoesNotCreateParticipantsForGuestScaleInfrastructure | AuthoredChapterGuestsInferRoomBeforeRuntimeStateExists | GuestScaleParticipantUsesResolvedRoomContentForTopLevelWorldGuestY | GuestScaleParticipantPrefersLiveActorRoomOverStaleOverride | GuestRoomScaleApplierInfersLiveActorRoomBeforeStaleParticipantOverride | GuestScaleParticipantLiveCurrentRoomBeatsStaleOverride | GuestScaleParticipantProjectedRoomBeatsStaleCurrentRoom | ActorRoomStateSetCurrentRoomUpdatesGuestScaleParticipant | GuestRoomScaleApplierEnsureParticipantCanSetCurrentRoom | GuestRoomScaleMasterIncludesLiveDrawingRoomGuestsDespiteStaleOverrides | GuestRoomScaleMasterTreatsVisibleGuestsAsSelectedRoomInEditMode | GuestRoomScaleApplierAppliesExplicitRoomContextDespiteStaleCurrentRoom | GuestRoomScaleMasterCanAdoptVisibleGuestsIntoSelectedRoomForManualEditing | GuestRoomScaleMasterUsesButlerRoomSelectionSources | EntranceGuestsRemainEntranceBeforeMove | ActiveNavigationDoesNotMisclassifyInactiveGuests | ResolveRoomTraceReportsChosenSource | GuestScaleOwnershipGuardsAllScaleWriters | GuestSizeMasterHasSimplePrimaryWorkflow | GuestSizeMasterDoesNotExposeLegacyFrontBackGuestCurveWorkflow | GuestSizeMasterHasExplicitManualGuestSelectionAndAllGuestWorkflow | GuestSizeMasterPreviewUsesSelectedRoomRefreshWithVisibleFeedback | GuestSizeMasterSavesManualRoomSizeAsRoomMultiplier | GuestSizeMasterDoesNotSaveLegacyFrontBackCurveScales | GuestRoomScaleMasterShowsStageScaleStatus | GuestScaleApplierReadsRoomStageZoomThroughUtility | GuestSizeMasterDoesNotExposeDirectScaleProofButtons | OldGuestScaleCompatibilityShellsAreRemoved | OldApplyButlerCharacterScalePathsAreNotCalledByNewApplier | GuestScaleApplierDoesNotReadPoseScaleOverrides | Chapter2PanicVisualsDoNotScaleManagedGuestBodies | NewGuestScaleFilesExist,0,0,47,55,0,0,0,0,0,,ebeefea9ded540118d7c9ccd53c29077,0,
GuestRoomScaleMasterWindow,class,EditorWindow,Assets/Editor/GuestRoomScaleMasterWindow.cs,Editor,1393,,OpenWindow,19,0,1,1,0,0,0,0,15,Assets/Editor/GuestButlerScaleRegressionTests.cs:14 | Assets/Editor/GuestRoomScaleMasterWindow.cs:1,ba22db02c5fd411a9ef236687053d686,0,
GuestScaleAudit,class,,Assets/Editor/GuestScaleAudit.cs,Editor,415,,RunAndWriteReport | BuildReport,0,0,0,0,0,0,0,0,3,Assets/Editor/GuestButlerScaleRegressionTests.cs:1 | Assets/Editor/GuestRoomScaleMasterWindow.cs:1 | Assets/Editor/GuestScaleAudit.cs:1,8db9959d40c646c9b72f89c729fc9f1b,0,
HeadTurnSpriteImportPostprocessor,class,AssetPostprocessor,Assets/Editor/HeadTurnSpriteImportPostprocessor.cs,Editor,41,,,0,0,0,0,0,0,0,0,0,,4750d8be9f884f6fad0b7d495c60d399,0,
NavigationEditorTools,class,,Assets/Editor/NavigationEditorTools.cs,Editor,1154,,SyncDoorTriggersFromDoorData | PreviewSelectedRoomForDoorEditing | ToggleAutoPreviewSelectedRoom | ValidateDoorData | GeneratePlaceholderDoorDataFromDoorButtons | CreateRoomVisualCatalogFromRooms | CreateDoorButtonPlaceholdersFromDoorData | PreviewRoomForDoorEditing | FindSelectedRoomContentGroup | ShouldForcePreviewSelectedRoom | IsSelectedChapter2HideAnchor,0,0,2,4,0,0,0,0,11,Assets/Editor/NavigationEditorTools.cs:6 | Assets/Editor/NavigationRoomImageShaderControlsWindow.cs:3 | Assets/Editor/NavigationRegressionTests.cs:2,f3814b755a9398bfa9b0a89b55d0ab73,0,
NavigationSelectionAutoPreview,class,,Assets/Editor/NavigationEditorTools.cs,Editor,1154,,SyncDoorTriggersFromDoorData | PreviewSelectedRoomForDoorEditing | ToggleAutoPreviewSelectedRoom | ValidateDoorData | GeneratePlaceholderDoorDataFromDoorButtons | CreateRoomVisualCatalogFromRooms | CreateDoorButtonPlaceholdersFromDoorData | PreviewRoomForDoorEditing | FindSelectedRoomContentGroup | ShouldForcePreviewSelectedRoom | IsSelectedChapter2HideAnchor,0,0,2,4,0,0,0,0,1,Assets/Editor/NavigationEditorTools.cs:1,f3814b755a9398bfa9b0a89b55d0ab73,0,
NavigationRegressionTests,class,,Assets/Editor/NavigationRegressionTests.cs,Test,1396,OnEnable,DoorTriggersUseInspectorDestinationsOnly | DoorTriggersPlayRandomWoodCreaksFromCatalog | StairwayTriggersPlayStairwaySoundCatalog | ClockTickingAmbienceLoopsRandomTicksInClockRooms | AudioPlaybackGuardsAgainstDisabledSources | AudioSafePlaybackSkipsInactiveSourceWithoutUnityWarning | GameplayDoorTriggerLayerCanReceiveClicks | ChapterClockUsesSingleBottomLeftHudReadout | GrandfatherClockCloseUpDoesNotOpenOverGameplay | StairwayTriggersUseStairwayNamesAndCursor | DoorAndStairwayTriggersRequirePlayerApproach | BottomEdgeRoomTransitionsDoNotUseHugeFloorHitboxes | DoorTransitionsPlacePlayerAtDestinationDoor | PlayerCursorShowsWalkability | PlayerMovementKeepsHoverPathingCheapAndReusesClickPath | UiControlsUseDedicatedCursorDuringModalPause | NewGameShowsCursorStyleChooserBeforeGameplay | CursorStyleCatalogProvidesGeneratedRuntimeAssets | GameplayInteractionsMapToCursorStyleActions | MainMenuLayoutScalesToShortGameViews | PlayerMovementUsesOnlyFloorBoundaryForWalkability | PlayerMovementResolvesOutsideRectangleToNearestInsetEdge | PlayerMovementResolvesConcaveGapToNearestPolygonEdge | PlayerMovementResolvesBlockerClickToNearestWalkableBlockerEdge | UpperGalleryBoundaryKeepsRearHallwayRouteAroundStairwell | PlayerMovementCachesPolygonRouteVisibilityGraph | ActorRoomStateBindsWorldActorsToRoomStageLocalPoints | RoomPropDepthDoesNotDependOnViewportBounds | ServiceCorridorKeepsAuthoredProps | BilliardRoomKeepsForegroundCutouts | DrawingRoomDoesNotKeepStaleGreenChairReference | ImportantRoomPropsKeepStableAuthoredSorting | GameplayDoesNotKeepMapDropdownUi | ChapterManagerHasChapter2DebugSkipButton | SettingsDebugChapterSkipsClosePausedModalBeforeRunning | GameplayHasManualRoomStageRoot | GameplayRoomsOwnBackgroundsAndDoorGroups | NavigationBootstrapRunsAfterMainMenuLoadsGameplay | GameplaySceneCannotBeStartedDirectlyFromEditorPlayMode | GameplayCameraUsesTutorialStyleRoomLook | GameplayHasExplorationAudioHooks | BackgroundShaderUsesFullRoomArtWidth | DoorHitboxesUseVisibleRectTransformsAsSourceOfTruth | ButlerPlayerIdleUsesStableBreathingFrameSequence,2,1,3,5,0,0,1,0,0,,6dbaf260a5134afc9dfd6e78bf5169f3,0,
NavigationRoomImageShaderControlsWindow,class,EditorWindow,Assets/Editor/NavigationRoomImageShaderControlsWindow.cs,Editor,324,OnEnable | OnDisable,OpenWindow,0,0,0,0,0,0,0,0,2,Assets/Editor/NavigationRoomImageShaderControlsWindow.cs:2,68c100ebed5d71a29bdf66c494e64796,0,
ObjectCollisionBoxCategory,enum,,Assets/Editor/ObjectCollisionBoxAuthoringWindow.cs,Editor,782,,Open | DryRunMenu | GenerateMenu | TryCreateFootprintFromBounds | ScanActiveScene | CountGeneratable | BuildScanReport | GenerateMissingPlayerBlockersForActiveScene | SyncGameplayScenePlayerBlockerSorting | SyncScenePlayerBlockerSorting | CreateOrUpdatePlayerBlocker | DeleteGeneratedPlayerBlockersInActiveScene,2,0,1,2,0,0,0,0,17,Assets/Editor/ObjectCollisionBoxAuthoringWindow.cs:15 | Assets/Editor/ObjectCollisionBoxRegressionTests.cs:2,c7b198000e4942d197867955060b806e,0,
ObjectCollisionFootprint,struct,,Assets/Editor/ObjectCollisionBoxAuthoringWindow.cs,Editor,782,,Open | DryRunMenu | GenerateMenu | TryCreateFootprintFromBounds | ScanActiveScene | CountGeneratable | BuildScanReport | GenerateMissingPlayerBlockersForActiveScene | SyncGameplayScenePlayerBlockerSorting | SyncScenePlayerBlockerSorting | CreateOrUpdatePlayerBlocker | DeleteGeneratedPlayerBlockersInActiveScene,2,0,1,2,0,0,0,0,10,Assets/Editor/ObjectCollisionBoxAuthoringWindow.cs:7 | Assets/Editor/ObjectCollisionBoxRegressionTests.cs:3,c7b198000e4942d197867955060b806e,0,
ObjectCollisionBoxAuthoringWindow,class,EditorWindow,Assets/Editor/ObjectCollisionBoxAuthoringWindow.cs,Editor,782,,Open | DryRunMenu | GenerateMenu | TryCreateFootprintFromBounds | ScanActiveScene | CountGeneratable | BuildScanReport | GenerateMissingPlayerBlockersForActiveScene | SyncGameplayScenePlayerBlockerSorting | SyncScenePlayerBlockerSorting | CreateOrUpdatePlayerBlocker | DeleteGeneratedPlayerBlockersInActiveScene,2,0,1,2,0,0,0,0,2,Assets/Editor/ObjectCollisionBoxAuthoringWindow.cs:1 | Assets/Editor/ObjectCollisionBoxRegressionTests.cs:1,c7b198000e4942d197867955060b806e,0,
ObjectCollisionBoxAuthoring,class,,Assets/Editor/ObjectCollisionBoxAuthoringWindow.cs,Editor,782,,Open | DryRunMenu | GenerateMenu | TryCreateFootprintFromBounds | ScanActiveScene | CountGeneratable | BuildScanReport | GenerateMissingPlayerBlockersForActiveScene | SyncGameplayScenePlayerBlockerSorting | SyncScenePlayerBlockerSorting | CreateOrUpdatePlayerBlocker | DeleteGeneratedPlayerBlockersInActiveScene,2,0,1,2,0,0,0,0,17,Assets/Editor/ObjectCollisionBoxAuthoringWindow.cs:12 | Assets/Editor/ObjectCollisionBoxRegressionTests.cs:5,c7b198000e4942d197867955060b806e,0,
ObjectCollisionBoxRegressionTests,class,,Assets/Editor/ObjectCollisionBoxRegressionTests.cs,Test,158,,ChairBlockerUsesLowerFootprintInsteadOfWholeImage | WallDecorAndLightingAreSkipped | GeneratorCreatesNamedPlayerBlockerUnderRoom | ObjectMovementBlockerSortsSourceRendererFromFrontEdge | PointClickMovementCollectsExplicitObjectMovementBlockers | ObjectCollisionAuthoringToolAndPromptExist,0,0,4,5,0,0,0,0,0,,2f9401a1d8c74e02946cca10f4340da0,0,
OddityRegressionTests,class,,Assets/Editor/OddityRegressionTests.cs,Test,37,,OdditiesAreEditableRoomObjects,0,0,0,0,0,0,1,0,0,,a4c2b0824d184267bc49859913c42dc5,0,
PlayModeLayoutCaptureWindow,class,EditorWindow,Assets/Editor/PlayModeLayoutCaptureWindow.cs,Editor,786,,Open | CaptureDiningSeatAnchorsMenu | ApplyPendingCaptureMenu,0,0,0,0,0,0,0,0,3,Assets/Editor/PlayModeLayoutCaptureWindow.cs:2 | Assets/Editor/RoomProjectionRegressionTests.cs:1,53d30ef5bfa4494fbff4742f5e1a8626,0,
PointClickPlayerMovementEditor,class,Editor,Assets/Editor/PointClickPlayerMovementEditor.cs,Editor,34,Update,OnInspectorGUI,0,0,0,0,0,0,0,0,1,Assets/Editor/RoomProjectionRegressionTests.cs:1,870751b9d8b1487da38b4f7c40af7b31,0,
RoomEnvironmentAuthoringWindow,class,EditorWindow,Assets/Editor/RoomEnvironmentAuthoringWindow.cs,Editor,675,,Open | CreateSuggestedEnvironmentPlaceholders | ToDefinition,1,0,1,1,0,0,0,0,1,Assets/Editor/RoomEnvironmentAuthoringWindow.cs:1,c7e9fa4d928e4c91b4e81ce7e3324a60,0,
RoomLightingRegressionTests,class,,Assets/Editor/RoomLightingRegressionTests.cs,Test,174,,LightingControllerBuildsRoomLocalNonBlockingOverlays | FlameParticlesCanBypassGlobalBloomWhileRoomOverlaysDriveIt | GameplaySceneHasExplicitLightingController | GameplaySceneKeepsGeneratedCandleFlameParticles | LightingPresetShowsSeveralPrototypeTechniques,0,1,0,0,0,0,2,0,0,,ac631bb86e3e4a53aa0d0794356f7145,0,
RoomPerspectiveProfileEditor,class,Editor,Assets/Editor/RoomPerspectiveProfileEditor.cs,Editor,188,Update,OnInspectorGUI,0,0,0,0,0,0,0,0,1,Assets/Editor/RoomProjectionRegressionTests.cs:1,5710bae4cf3043d89bd2aa6e1240660c,0,
RoomProjectedEntityEditor,class,Editor,Assets/Editor/RoomProjectedEntityEditor.cs,Editor,258,Update,OnInspectorGUI,0,0,0,0,0,0,0,0,1,Assets/Editor/RoomProjectionRegressionTests.cs:1,9ce1fe34319045699aa184a301f7f45f,0,
RoomProjectionCalibrationWindow,class,EditorWindow,Assets/Editor/RoomProjectionCalibrationWindow.cs,Editor,281,OnEnable,Open | CreateDrawingRoomPerspectiveProfile | CreatePerspectiveProfilesForSceneRooms | CreateStandardAdultVisualProfile,0,0,0,0,0,0,0,0,2,Assets/Editor/RoomProjectionCalibrationWindow.cs:1 | Assets/Editor/RoomProjectionRegressionTests.cs:1,29a5e33b9b104ee191b02432ff334e7e,0,
RoomProjectionRegressionTests,class,,Assets/Editor/RoomProjectionRegressionTests.cs,Test,649,,SameRoomLocalFootYProducesSameRoomScaleForProjectedEntities | NearerFootYProducesLargerScaleThanFartherFootY | RoomPerspectiveProfileExposesRoomWideYScaleControls | RoomPerspectiveProfileEditorExposesArtistFriendlyYScaleControls | PlayModeLayoutCaptureCanPersistRuntimeAnchorTuning | PointClickMovementCanUseRoomPerspectiveProfileScaling | SortingOrderFollowsRoomFootYDepth | CharacterVisualProfileHeightMultiplierAffectsProjectedScalePredictably | ProjectedGuestsExposeRoomSpecificVisualScaleOverrides | ButlerCalibrationStoresFinalLocalScaleValues | ButlerSavedScalePreviewIsIdempotent | ButlerRuntimeUsesFinalLocalScaleDirectly | ButlerUncalibratedRoomsKeepOldScaleBehavior | ButlerScaleWindowUsesClearLabels | PointClickPlayerMovementInspectorOpensButlerScaleWindow | GuestProjectionUsesButlerScaleApiWithoutOwningCalibrationData | ProjectedEntityPreservesAuthoredVisualScaleWhileNormalizingRoot | ProjectedEntityUsesEditedVisualScaleAsProjectionBase | ProjectedEntityUsesEditedRootScaleWhenVisualRootIsActorRoot | ActorRoomStateVisibilityRemainsSeparateFromProjection | ProjectionIsInactiveOutsideActorProfileRoom | Chapter1ProjectedGuestPlacementKeepsSafeFallbacks | ActorRoomStateSkipsRoomStageScaleBindingWhenProjectionIsActive | LegacyWalkerAndWorldYSortDeferToActiveProjection,0,0,10,16,0,0,0,0,0,,8969100aa3fa476db6f2770b353f489f,0,
StoryActorRoomStageLockingTests,class,,Assets/Editor/StoryActorRoomStageLockingTests.cs,Test,272,,WorldActorBindingStaysLockedAcrossPanZoomAndResize | WorldActorCanKeepAuthoredScaleWhileLockedToRoomStage | WorldActorUsesAuthoredScaleAsRoomZoomBaseline | WorldActorBindingUsesRoomPerspectiveProfileScale | Destroy,0,0,10,3,0,0,0,0,0,,8d7b6b1676d14d26b13e3d5ac45c7257,0,
SubtitlePresentationRegressionTests,class,,Assets/Editor/SubtitlePresentationRegressionTests.cs,Test,134,,SubtitleServiceUsesSpeakerPortraitCardLayout | SubtitlePanelMovesOutOfBottomCenterActionBand | SubtitleLineBankBindsGuestPortraitsByStableSpeakerId | SubtitleLineBankUsesTwoByFourGuestPortraitSheetSlices | SubtitlePortraitsRemovePlaqueNamesAndFillTheFrame | SubtitleCardKeepsSkipButtonAndReadableTextInsideNewLayout,0,0,0,0,0,0,0,0,0,,036291edbd17c4469a9df417e05fbc29,0,
UnityEditorAudioGuard,class,,Assets/Editor/UnityEditorAudioGuard.cs,Editor,171,,EnforceAudioEnabled,0,0,0,0,0,0,0,0,1,Assets/Editor/UnityEditorAudioGuard.cs:1,a6f182e29ad94eacb1cd713a19faf922,0,
CameraManager,class,MonoBehaviour,Assets/Map/CameraManager.cs,Runtime,2936,Awake | OnEnable | Start | Update | OnDisable | OnDestroy | Reset,TryGetRoomStageWorldOffset | TryGetRoomStageScreenTransform | TryGetActiveRoomStageWorldPoint | TryGetActiveRoomStageLocalPoint | PlayCameraShake | StopCameraShake | SetRoomBackground | SetActiveRoomContent | PreviewRoomBackground | PreviewFullRoomImageForDoorEditing | EndFullImagePlacementPreview | SetRoomLookForPreview | ResetRoomLookForPreview | GetAvailableCursorStyles | GetSelectedCursorStyle | SetCursorStyle | LoadCursorStylePreview | SetEdgePanDirection | SetGameplayHoverBlocked | SetDoorHover | ClearDoorHover | SetWalkHover | ClearWalkHover,5,0,0,0,1,0,0,0,71,Assets/Editor/StoryActorRoomStageLockingTests.cs:20 | Assets/Editor/NavigationEditorTools.cs:11 | Assets/Editor/NavigationRegressionTests.cs:8 | Assets/Editor/NavigationRoomImageShaderControlsWindow.cs:6 | Assets/Scripts/PointClickPlayerMovement.cs:4 | Assets/_Chateau/Scripts/Chapter/Chapter01/Chapter1ArrivalController.cs:4 | Assets/Scripts/Characters/RoomProjectedEntity.cs:3 | Assets/Editor/Chapter2RegressionTests.cs:2 | Assets/Map/CameraManager.cs:2 | Assets/Scripts/Characters/GuestRoomStageScaleUtility.cs:2 | Assets/Scripts/Navigation/RoomNavigationBootstrap.cs:2 | Assets/Scripts/Navigation/RoomNavigationManager.cs:2 | Assets/Scripts/Story/ActorRoomState.cs:2 | Assets/_Chateau/Scripts/Chapter/Chapter02/Chapter2GuestPanicController.cs:2 | Assets/Editor/OddityRegressionTests.cs:1,e3c8ce10745e87c74bfcf89d573dfebf,1,Assets/Scenes/Gameplay.unity:1
NavigationCursorController,class,,Assets/Map/CameraManager.cs,Runtime,2936,Awake | OnEnable | Start | Update | OnDisable | OnDestroy | Reset,TryGetRoomStageWorldOffset | TryGetRoomStageScreenTransform | TryGetActiveRoomStageWorldPoint | TryGetActiveRoomStageLocalPoint | PlayCameraShake | StopCameraShake | SetRoomBackground | SetActiveRoomContent | PreviewRoomBackground | PreviewFullRoomImageForDoorEditing | EndFullImagePlacementPreview | SetRoomLookForPreview | ResetRoomLookForPreview | GetAvailableCursorStyles | GetSelectedCursorStyle | SetCursorStyle | LoadCursorStylePreview | SetEdgePanDirection | SetGameplayHoverBlocked | SetDoorHover | ClearDoorHover | SetWalkHover | ClearWalkHover,5,0,0,0,1,0,0,0,60,Assets/_Chateau/Scripts/Chapter/Chapter01/Chapter1SceneAction.cs:10 | Assets/Scripts/PointClickPlayerMovement.cs:9 | Assets/Scripts/Navigation/DoorTriggerNavigation.cs:8 | Assets/_Chateau/Scripts/Chapter/Chapter01/Chapter1CoatPickup.cs:7 | Assets/Scripts/MainMenuController.cs:5 | Assets/Editor/NavigationRegressionTests.cs:4 | Assets/Map/CameraManager.cs:4 | Assets/Scripts/UI/NavigationCursorHoverTarget.cs:4 | Assets/Scripts/UI/RuntimeSettingsMenu.cs:4 | Assets/_Chateau/Scripts/Chapter/Chapter02/Chapter2GuestFindAction.cs:3 | Assets/Scripts/PickupObject.cs:2,e3c8ce10745e87c74bfcf89d573dfebf,1,Assets/Scenes/Gameplay.unity:1
Chapter2PanicScreamCatalog,class,ScriptableObject,Assets/Scripts/Audio/Chapter2PanicScreamCatalog.cs,Runtime,46,,TryGetScreamForGuest,0,0,0,0,0,0,0,0,5,Assets/_Chateau/Scripts/Chapter/Chapter02/Chapter2GuestPanicController.cs:3 | Assets/Editor/Chapter2RegressionTests.cs:1 | Assets/Scripts/Audio/Chapter2PanicScreamCatalog.cs:1,728ee02e55374da3a1518010ecb7de91,1,Assets/Resources/Audio/Chapter2PanicScreamCatalog.asset:1
ClockTickingAmbienceCatalog,class,ScriptableObject,Assets/Scripts/Audio/ClockTickingAmbienceCatalog.cs,Runtime,256,,HasRoom | TryGetClockForRoom | TryGetRandomClip | TryGetStableClipForRoom | GetRandomPitch | GetStablePitchForRoom | GetStablePlaybackTimeForRoom,0,0,0,0,0,0,0,0,7,Assets/Editor/NavigationRegressionTests.cs:3 | Assets/Scripts/Audio/ClockTickingAmbienceController.cs:3 | Assets/Scripts/Audio/ClockTickingAmbienceCatalog.cs:1,4d153adbd70fda53513c371badfa093b,1,Assets/Resources/Audio/ClockTickingAmbienceCatalog.asset:1
ClockTickingAmbienceController,class,MonoBehaviour,Assets/Scripts/Audio/ClockTickingAmbienceController.cs,Runtime,279,Awake | OnEnable | OnDisable,FindOrCreate | Initialize,3,1,1,1,0,0,0,0,10,Assets/Scripts/Audio/ClockTickingAmbienceController.cs:6 | Assets/Editor/NavigationRegressionTests.cs:2 | Assets/Scripts/Navigation/RoomNavigationManager.cs:2,65e29c4687b6bad242fac7bcb6849828,0,
DialogueSpeechService,class,MonoBehaviour,Assets/Scripts/Audio/DialogueSpeechService.cs,Runtime,368,Update,FindOrCreate | StopAnyCurrentSpeech | BeginSpeakLine | SpeakLine | SkipCurrentSpeech | StopCurrentSpeech | CancelQueuedSpeech,3,0,1,0,0,0,0,0,32,Assets/_Chateau/Scripts/Chapter/Chapter01/Chapter1ArrivalController.cs:12 | Assets/Scripts/Audio/DialogueSpeechService.cs:9 | Assets/_Chateau/Scripts/Chapter/Chapter02/Chapter2Controller.cs:9 | Assets/Editor/Chapter2RegressionTests.cs:2,6790d7832e9a441c9535d395e3c75084,0,
DoorOpenSoundCatalog,class,ScriptableObject,Assets/Scripts/Audio/DoorOpenSoundCatalog.cs,Runtime,49,,TryGetRandomClip,0,0,0,0,0,0,0,0,8,Assets/Scripts/Navigation/DoorTriggerNavigation.cs:5 | Assets/Editor/NavigationRegressionTests.cs:2 | Assets/Scripts/Audio/DoorOpenSoundCatalog.cs:1,9688b4be97d24912b44c9495cae7e9c2,2,Assets/Resources/Audio/DoorOpenSoundCatalog.asset:1 | Assets/Resources/Audio/StairwaySoundCatalog.asset:1
FireplaceAmbienceCatalog,class,ScriptableObject,Assets/Scripts/Audio/FireplaceAmbienceCatalog.cs,Runtime,161,,HasRoom | TryGetClipForRoom | GetVolumeMultiplierForRoom | TryGetRandomClip | GetRandomPitch,0,0,0,0,0,0,0,0,4,Assets/Scripts/Audio/FireplaceAmbienceController.cs:3 | Assets/Scripts/Audio/FireplaceAmbienceCatalog.cs:1,926ef3a5f44c4152b79ea814a82314a9,1,Assets/Resources/Audio/FireplaceAmbienceCatalog.asset:1
FireplaceAmbienceController,class,MonoBehaviour,Assets/Scripts/Audio/FireplaceAmbienceController.cs,Runtime,267,Awake | OnEnable | OnDisable,FindOrCreate | Initialize,3,1,1,2,0,0,0,0,9,Assets/Scripts/Audio/FireplaceAmbienceController.cs:6 | Assets/Scripts/Navigation/RoomNavigationManager.cs:2 | Assets/Editor/NavigationRegressionTests.cs:1,c5d8eebb18904780a5d77a1c9da6ce6f,0,
GameAudioChannel,enum,,Assets/Scripts/Audio/GameAudioChannel.cs,Runtime,7,,,0,0,0,0,0,0,0,0,66,Assets/Scripts/UI/RuntimeSettingsMenu.cs:16 | Assets/Scripts/Audio/GameAudioSettings.cs:14 | Assets/Scripts/MainMenuController.cs:9 | Assets/Scripts/Audio/GameAudioSourceVolume.cs:5 | Assets/Scripts/Audio/ClockTickingAmbienceController.cs:4 | Assets/Scripts/Audio/FireplaceAmbienceController.cs:3 | Assets/Scripts/Audio/GuestVoiceLinePlayback.cs:2 | Assets/Scripts/Navigation/DoorTriggerNavigation.cs:2 | Assets/_Chateau/Scripts/Chapter/Chapter02/Chapter2GuestPanicController.cs:2 | Assets/Editor/Chapter2RegressionTests.cs:1 | Assets/Editor/NavigationRegressionTests.cs:1 | Assets/Scripts/Audio/GuestFootstepAudio.cs:1 | Assets/Scripts/Audio/PlayerFootstepAudio.cs:1 | Assets/Scripts/StaticNoisePlayer.cs:1 | Assets/Scripts/Story/DoorbellSystem.cs:1 | Assets/Scripts/Story/GrandfatherClockInteraction.cs:1 | Assets/_Chateau/Scripts/Chapter/Chapter02/Chapter2Controller.cs:1 | Assets/_Chateau/Scripts/Chapter/Chapter02/Chapter2MonsterStingerController.cs:1,8fe4e69ce16b4d3e95089bb59143a5c4,0,
GameAudioSettings,class,,Assets/Scripts/Audio/GameAudioSettings.cs,Runtime,203,,ResetUnityAudioState | GetVolume | SetVolume | ApplyVolume | CanPlay | TryPlay | TryPlayOneShot | EnsureBinding | GetCurrentOrBoundBaseVolume | GetDisplayName,0,0,0,1,0,3,0,0,60,Assets/Editor/NavigationRegressionTests.cs:7 | Assets/Scripts/MainMenuController.cs:7 | Assets/Scripts/UI/RuntimeSettingsMenu.cs:6 | Assets/Scripts/Audio/ClockTickingAmbienceController.cs:5 | Assets/Scripts/Audio/FireplaceAmbienceController.cs:4 | Assets/Scripts/Audio/GuestVoiceLinePlayback.cs:4 | Assets/Scripts/Navigation/DoorTriggerNavigation.cs:4 | Assets/Scripts/Audio/GameAudioSourceVolume.cs:3 | Assets/_Chateau/Scripts/Chapter/Chapter02/Chapter2GuestPanicController.cs:3 | Assets/Editor/Chapter2RegressionTests.cs:2 | Assets/Scripts/Audio/GuestFootstepAudio.cs:2 | Assets/Scripts/Audio/PlayerFootstepAudio.cs:2 | Assets/Scripts/StaticNoisePlayer.cs:2 | Assets/Scripts/Story/DoorbellSystem.cs:2 | Assets/Scripts/Story/GrandfatherClockInteraction.cs:2 | Assets/_Chateau/Scripts/Chapter/Chapter02/Chapter2Controller.cs:2 | Assets/_Chateau/Scripts/Chapter/Chapter02/Chapter2MonsterStingerController.cs:2 | Assets/Scripts/Story/GameplayRuntimeState.cs:1,1b9a0f792f8f43148bda82fe619819c6,0,
GameAudioSourceVolume,class,MonoBehaviour,Assets/Scripts/Audio/GameAudioSourceVolume.cs,Runtime,65,OnEnable | OnDisable | Reset,Configure | SetBaseVolume | Apply,0,0,0,0,0,0,0,0,6,Assets/Scripts/Audio/GameAudioSettings.cs:6,5161da2d2e1b408d859e3792f47407f4,0,
GuestFootstepAudio,class,MonoBehaviour,Assets/Scripts/Audio/GuestFootstepAudio.cs,Runtime,286,Update | OnDisable,Configure | PlayWalking | SetWalking | StopWalking,0,0,1,3,0,0,0,0,14,Assets/_Chateau/Scripts/Chapter/Chapter01/Chapter1ArrivalController.cs:9 | Assets/_Chateau/Scripts/Chapter/Chapter02/Chapter2GuestPanicController.cs:3 | Assets/Editor/Chapter2RegressionTests.cs:1 | Assets/Editor/NavigationRegressionTests.cs:1,97301c28479e2e1dc90448e43a36d7fe,0,
GuestFootstepCatalog,class,ScriptableObject,Assets/Scripts/Audio/GuestFootstepCatalog.cs,Runtime,156,,TryGetFootstepsForGuest | TryGetFootstepVariantsForGuest | TryGetFootstepsForButler | TryGetButlerFootstepVariants,0,0,0,0,0,0,0,0,18,Assets/Editor/FootstepCatalogTools.cs:5 | Assets/Editor/Chapter2RegressionTests.cs:3 | Assets/Scripts/Audio/PlayerFootstepAudio.cs:3 | Assets/_Chateau/Scripts/Chapter/Chapter01/Chapter1ArrivalController.cs:3 | Assets/_Chateau/Scripts/Chapter/Chapter02/Chapter2GuestPanicController.cs:3 | Assets/Scripts/Audio/GuestFootstepCatalog.cs:1,c1e4c474e559b01dfdafba00f05810a6,1,Assets/Resources/Audio/GuestFootstepCatalog.asset:1
GuestVoiceLineCatalog,class,ScriptableObject,Assets/Scripts/Audio/GuestVoiceLineCatalog.cs,Runtime,50,,TryGetVoiceLine,0,0,0,0,0,0,0,0,5,Assets/Scripts/Audio/GuestVoiceLinePlayback.cs:3 | Assets/Editor/Chapter2RegressionTests.cs:1 | Assets/Scripts/Audio/GuestVoiceLineCatalog.cs:1,0d2c7f4e9a0b4e4c8d5e6f708192a3b4,1,Assets/Resources/Audio/GuestVoiceLineCatalog.asset:1
GuestVoiceLinePlayback,class,MonoBehaviour,Assets/Scripts/Audio/GuestVoiceLinePlayback.cs,Runtime,474,OnDisable,FindOrCreate | PlayForDialogue | TryGetDialogueClip | GetDurationForDialogue | StopCurrentLine | StopAnyCurrentLine,3,1,2,2,0,0,0,0,22,Assets/Scripts/Audio/GuestVoiceLinePlayback.cs:9 | Assets/Scripts/UI/RuntimeSettingsMenu.cs:4 | Assets/Scripts/UI/SubtitleService.cs:3 | Assets/Editor/Chapter2RegressionTests.cs:2 | Assets/Scripts/Audio/DialogueSpeechService.cs:2 | Assets/Editor/NavigationRegressionTests.cs:1 | Assets/Scripts/Story/ChapterManager.cs:1,9e13b0cd7a5f44a69fe0b75a2cb76123,0,
PlayerFootstepAudio,class,MonoBehaviour,Assets/Scripts/Audio/PlayerFootstepAudio.cs,Runtime,304,Update | OnDisable,SetWalking | PlayWalking | StopWalking,0,1,1,3,0,0,0,0,4,Assets/Scripts/PointClickPlayerMovement.cs:3 | Assets/Editor/NavigationRegressionTests.cs:1,e0d247f58cf84d209a956e2016ddbb2f,0,
CharacterController2D,class,MonoBehaviour,Assets/Scripts/CharacterController2D.cs,Runtime,221,Awake | FixedUpdate,Move,0,0,0,2,0,0,0,0,8,Assets/Scripts/PlayerMovement.cs:2 | Assets/Scripts/Story/ChapterManager.cs:2 | Assets/_Chateau/Scripts/Chapter/Chapter01/Chapter1ArrivalController.cs:2 | Assets/Scripts/PointClickPlayerMovement.cs:1 | Assets/_Chateau/Scripts/Chapter/Chapter02/Chapter2GuestPanicController.cs:1,fbc4bfb46da335ef392e49b8ba30aa78,1,Assets/Prefabs/Player.prefab:1
CharacterWalkDirection,enum,,Assets/Scripts/Characters/CharacterAnimatorDriver.cs,Runtime,178,,FromAnimator | ApplyMovement | DetermineDirection,0,0,0,0,0,0,0,0,36,Assets/Scripts/Characters/CharacterAnimatorDriver.cs:15 | Assets/_Chateau/Scripts/Chapter/Chapter02/Chapter2GuestPanicController.cs:7 | Assets/Editor/CharacterRegressionTests.cs:4 | Assets/Scripts/Characters/RoomPersonWalker2D.cs:4 | Assets/Scripts/PointClickPlayerMovement.cs:4 | Assets/Scripts/Story/NPCWaypointMover.cs:2,881e49904c0847098ffb7b19b9788e22,0,
CharacterAnimatorDriver,class,,Assets/Scripts/Characters/CharacterAnimatorDriver.cs,Runtime,178,,FromAnimator | ApplyMovement | DetermineDirection,0,0,0,0,0,0,0,0,18,Assets/_Chateau/Scripts/Chapter/Chapter02/Chapter2GuestPanicController.cs:7 | Assets/Scripts/Characters/RoomPersonWalker2D.cs:3 | Assets/Scripts/PointClickPlayerMovement.cs:3 | Assets/Scripts/Story/NPCWaypointMover.cs:3 | Assets/Editor/CharacterRegressionTests.cs:2,881e49904c0847098ffb7b19b9788e22,0,
CharacterVisualProfile,class,ScriptableObject,Assets/Scripts/Characters/CharacterVisualProfile.cs,Runtime,145,OnValidate,Configure | GetVisualHeight | GetStateOffset | GetSortingOffsetForRenderer | HasRendererHint,0,0,0,0,0,0,0,0,11,Assets/Editor/RoomProjectionCalibrationWindow.cs:4 | Assets/Editor/RoomProjectionRegressionTests.cs:3 | Assets/Scripts/Characters/RoomProjectedEntity.cs:3 | Assets/Scripts/Characters/CharacterVisualProfile.cs:1,9d7c5206bdd145f4bdd4426f7ccc37bd,0,
DiningRoomSeatedGuestOcclusionController,class,MonoBehaviour,Assets/Scripts/Characters/DiningRoomSeatedGuestOcclusionController.cs,Runtime,153,,FindInScene | ActivateForGuest | DeactivateForGuest,1,0,0,1,0,0,0,0,5,Assets/_Chateau/Scripts/Chapter/Chapter02/Chapter2GuestSearchController.cs:3 | Assets/Scripts/Characters/DiningRoomSeatedGuestOcclusionController.cs:2,a7ef8aa1178e4cd38ac4fd89669b9e29,1,Assets/Scenes/Gameplay.unity:1
DiningRoomSeatedGuestOcclusionException,class,MonoBehaviour,Assets/Scripts/Characters/DiningRoomSeatedGuestOcclusionException.cs,Runtime,277,Awake | OnEnable | LateUpdate | OnDisable,ActivateForDiningSeat | DeactivateForDiningSeat,0,0,0,1,0,0,0,0,5,Assets/Scripts/Characters/DiningRoomSeatedGuestOcclusionController.cs:5,d2bb6d79e86d4c7c8f2f57cc86f8b8c4,0,
GuestScaleApplyResult,struct,,Assets/Scripts/Characters/GuestRoomScaleApplier.cs,Runtime,844,LateUpdate,SetCalibration | EnsureInScene | EnsureParticipantForGuestObject | RefreshAllNow | RefreshAllWithResultNow | RefreshRoomNow | RefreshParticipantNow | TryComputeParticipantScale | ShouldApplyParticipantForRoomContext | CalculateTargetLocalScale | EnsureParticipantsForSceneGuests | TryInferAuthoredSceneGuestRoomId | TryInferChapterGuestNameRoomId | IsGuestScaleInfrastructureObject | IsManagedGuestParticipant,7,0,1,2,0,0,0,0,19,Assets/Editor/GuestRoomScaleMasterWindow.cs:8 | Assets/Scripts/Characters/GuestRoomScaleApplier.cs:7 | Assets/Editor/GuestButlerScaleRegressionTests.cs:4,2d396ad445bc46b9a6acb3ac62291ef0,1,Assets/Scenes/Gameplay.unity:1
GuestScaleComputation,struct,,Assets/Scripts/Characters/GuestRoomScaleApplier.cs,Runtime,844,LateUpdate,SetCalibration | EnsureInScene | EnsureParticipantForGuestObject | RefreshAllNow | RefreshAllWithResultNow | RefreshRoomNow | RefreshParticipantNow | TryComputeParticipantScale | ShouldApplyParticipantForRoomContext | CalculateTargetLocalScale | EnsureParticipantsForSceneGuests | TryInferAuthoredSceneGuestRoomId | TryInferChapterGuestNameRoomId | IsGuestScaleInfrastructureObject | IsManagedGuestParticipant,7,0,1,2,0,0,0,0,6,Assets/Scripts/Characters/GuestRoomScaleApplier.cs:5 | Assets/Editor/GuestRoomScaleMasterWindow.cs:1,2d396ad445bc46b9a6acb3ac62291ef0,1,Assets/Scenes/Gameplay.unity:1
GuestRoomScaleApplier,class,MonoBehaviour,Assets/Scripts/Characters/GuestRoomScaleApplier.cs,Runtime,844,LateUpdate,SetCalibration | EnsureInScene | EnsureParticipantForGuestObject | RefreshAllNow | RefreshAllWithResultNow | RefreshRoomNow | RefreshParticipantNow | TryComputeParticipantScale | ShouldApplyParticipantForRoomContext | CalculateTargetLocalScale | EnsureParticipantsForSceneGuests | TryInferAuthoredSceneGuestRoomId | TryInferChapterGuestNameRoomId | IsGuestScaleInfrastructureObject | IsManagedGuestParticipant,7,0,1,2,0,0,0,0,75,Assets/Editor/GuestRoomScaleMasterWindow.cs:25 | Assets/Editor/GuestButlerScaleRegressionTests.cs:20 | Assets/Scripts/Characters/GuestRoomScaleApplier.cs:7 | Assets/_Chateau/Scripts/Chapter/Chapter01/Chapter1ArrivalController.cs:6 | Assets/Scripts/Characters/GuestScaleParticipant.cs:5 | Assets/Editor/GuestScaleAudit.cs:4 | Assets/Scripts/Characters/RoomProjectedEntity.cs:3 | Assets/Scripts/Characters/RoomPersonWalker2D.cs:2 | Assets/Scripts/Story/ActorRoomState.cs:2 | Assets/_Chateau/Scripts/Chapter/Chapter02/Chapter2GuestPanicController.cs:1,2d396ad445bc46b9a6acb3ac62291ef0,1,Assets/Scenes/Gameplay.unity:1
GuestRoomScaleEntry,class,,Assets/Scripts/Characters/GuestRoomScaleCalibration.cs,Runtime,371,OnValidate,Matches | SetGuestRoomScalingEnabled | SetButlerScaleSource | GetOrCreateRoom | TryGetRoom | TryEvaluateGuestScale | SetRoomMultiplier | SetReferenceRoomStageScale | TryGetReferenceRoomStageScale | RemoveRoom | InitializeMissingRoomsFromButler | ResolveButlerScaleSource | SameRoom | CleanRoomId | SanitizeRoomStageScale | NormalizeRoomName,1,0,0,0,0,0,0,0,21,Assets/Scripts/Characters/GuestRoomScaleCalibration.cs:19 | Assets/Editor/GuestRoomScaleMasterWindow.cs:2,31d79ef7452a4c5288644569bd958a60,1,Assets/Scenes/Gameplay.unity:1
GuestRoomScaleCalibration,class,MonoBehaviour,Assets/Scripts/Characters/GuestRoomScaleCalibration.cs,Runtime,371,OnValidate,Matches | SetGuestRoomScalingEnabled | SetButlerScaleSource | GetOrCreateRoom | TryGetRoom | TryEvaluateGuestScale | SetRoomMultiplier | SetReferenceRoomStageScale | TryGetReferenceRoomStageScale | RemoveRoom | InitializeMissingRoomsFromButler | ResolveButlerScaleSource | SameRoom | CleanRoomId | SanitizeRoomStageScale | NormalizeRoomName,1,0,0,0,0,0,0,0,92,Assets/Editor/GuestRoomScaleMasterWindow.cs:42 | Assets/Editor/GuestButlerScaleRegressionTests.cs:17 | Assets/Scripts/Characters/GuestScaleParticipant.cs:16 | Assets/Scripts/Characters/GuestRoomScaleApplier.cs:8 | Assets/_Chateau/Scripts/Chapter/Chapter01/Chapter1ArrivalController.cs:5 | Assets/Scripts/Characters/GuestRoomStageScaleUtility.cs:4,31d79ef7452a4c5288644569bd958a60,1,Assets/Scenes/Gameplay.unity:1
GuestRoomStageScaleUtility,class,,Assets/Scripts/Characters/GuestRoomStageScaleUtility.cs,Runtime,188,,TryGetActiveRoomStageScale | CalculateRoomStageZoomRatio | TryGetCurrentRoomStageZoomRatio | TryGetInheritedRoomStageZoomRatio | TryGetParticipantRoomStage | SanitizeRoomStageScale,2,0,0,0,0,0,0,0,15,Assets/Editor/GuestRoomScaleMasterWindow.cs:8 | Assets/Editor/GuestButlerScaleRegressionTests.cs:4 | Assets/Scripts/Characters/GuestRoomScaleApplier.cs:2 | Assets/Scripts/Characters/GuestRoomScaleCalibration.cs:1,c209e3f5ef8c464db5163927439bd6a4,0,
CharacterPose,enum,,Assets/Scripts/Characters/GuestScaleParticipant.cs,Runtime,748,OnValidate | Reset,SetCharacterId | SetCurrentRoomId | ClearCurrentRoomId | SetRoomIdOverride | SetPose | SetScaleRoot | SetBodyRoot | SetExcludedFromGuestScaling | SetIsButler | SetManualFineTuneMultiplier | ResolveScaleRoot | ResolveRoomId | ResolveRoomIdForScaleContext | ResolveCurrentRoomId | BuildRoomResolutionTrace | ResolveRoomLocalY | CaptureBaseScale | RestoreCapturedBaseScale | ApplyFinalScale | NameLooksExcludedFromBodyScale,2,0,0,0,0,0,0,0,19,Assets/_Chateau/Scripts/Chapter/Chapter01/Chapter1ArrivalController.cs:11 | Assets/Scripts/Characters/GuestScaleParticipant.cs:4 | Assets/Editor/GuestButlerScaleRegressionTests.cs:2 | Assets/Scripts/Characters/GuestRoomScaleApplier.cs:2,b099f2b1c3494d8fa900d71915c16f31,8,Assets/Scenes/Gameplay.unity:8
GuestRoomResolutionTrace,struct,,Assets/Scripts/Characters/GuestScaleParticipant.cs,Runtime,748,OnValidate | Reset,SetCharacterId | SetCurrentRoomId | ClearCurrentRoomId | SetRoomIdOverride | SetPose | SetScaleRoot | SetBodyRoot | SetExcludedFromGuestScaling | SetIsButler | SetManualFineTuneMultiplier | ResolveScaleRoot | ResolveRoomId | ResolveRoomIdForScaleContext | ResolveCurrentRoomId | BuildRoomResolutionTrace | ResolveRoomLocalY | CaptureBaseScale | RestoreCapturedBaseScale | ApplyFinalScale | NameLooksExcludedFromBodyScale,2,0,0,0,0,0,0,0,5,Assets/Scripts/Characters/GuestScaleParticipant.cs:3 | Assets/Editor/GuestButlerScaleRegressionTests.cs:1 | Assets/Editor/GuestRoomScaleMasterWindow.cs:1,b099f2b1c3494d8fa900d71915c16f31,8,Assets/Scenes/Gameplay.unity:8
GuestScaleParticipant,class,MonoBehaviour,Assets/Scripts/Characters/GuestScaleParticipant.cs,Runtime,748,OnValidate | Reset,SetCharacterId | SetCurrentRoomId | ClearCurrentRoomId | SetRoomIdOverride | SetPose | SetScaleRoot | SetBodyRoot | SetExcludedFromGuestScaling | SetIsButler | SetManualFineTuneMultiplier | ResolveScaleRoot | ResolveRoomId | ResolveRoomIdForScaleContext | ResolveCurrentRoomId | BuildRoomResolutionTrace | ResolveRoomLocalY | CaptureBaseScale | RestoreCapturedBaseScale | ApplyFinalScale | NameLooksExcludedFromBodyScale,2,0,0,0,0,0,0,0,195,Assets/Editor/GuestButlerScaleRegressionTests.cs:74 | Assets/Editor/GuestRoomScaleMasterWindow.cs:51 | Assets/Scripts/Characters/GuestRoomScaleApplier.cs:26 | Assets/Scripts/Story/ActorRoomState.cs:11 | Assets/Scripts/Characters/RoomPersonWalker2D.cs:6 | Assets/Scripts/Characters/RoomProjectedEntity.cs:6 | Assets/_Chateau/Scripts/Chapter/Chapter02/Chapter2GuestPanicController.cs:6 | Assets/_Chateau/Scripts/Chapter/Chapter01/Chapter1ArrivalController.cs:5 | Assets/Editor/GuestScaleAudit.cs:4 | Assets/Scripts/PointClickPlayerMovement.cs:4 | Assets/Scripts/Characters/GuestRoomStageScaleUtility.cs:2,b099f2b1c3494d8fa900d71915c16f31,8,Assets/Scenes/Gameplay.unity:8
RoomPersonWalker2D,class,MonoBehaviour,Assets/Scripts/Characters/RoomPersonWalker2D.cs,Runtime,803,Awake | OnEnable | Update | OnDisable | OnValidate | Reset,RefreshDepthVisualsNow | SetButlerCharacterScaleRulesEnabled | SetButlerScaleSource | SetPreserveAuthoredLocalScaleWhenUsingButlerRules | ResetAuthoredWalkerScaleForEditor | ApplyButlerCharacterScaleNow | TryGetButlerCharacterScaleSample | UsesPerspectiveProfile,1,0,0,0,0,0,1,0,47,Assets/Scripts/Characters/GuestScaleParticipant.cs:8 | Assets/Editor/GuestButlerScaleRegressionTests.cs:7 | Assets/Editor/RoomProjectionRegressionTests.cs:7 | Assets/Editor/GuestScaleAudit.cs:6 | Assets/Scripts/Characters/GuestRoomScaleApplier.cs:6 | Assets/Editor/CharacterRegressionTests.cs:4 | Assets/Editor/RoomPerspectiveProfileEditor.cs:3 | Assets/Scripts/Story/NPCWaypointMover.cs:2 | Assets/_Chateau/Scripts/Chapter/Chapter01/Chapter1ArrivalController.cs:2 | Assets/Editor/Chapter2RegressionTests.cs:1 | Assets/_Chateau/Scripts/Chapter/Chapter02/Chapter2GuestPanicController.cs:1,1b45edb93a9b42e58fa4cad7d4de84ce,2,Assets/Scenes/Gameplay.unity:2
RoomPerspectiveProfile,class,ScriptableObject,Assets/Scripts/Characters/RoomPerspectiveProfile.cs,Runtime,262,OnValidate,Configure | ConfigureDrawingRoomDefaults | GetDepth01 | GetScale | GetScaleAtDepth | SetDepthYRange | SetScaleEndpoints | ApplyScaleMultiplier | GetTint | GetSortingOrder | GetShadowScale | GetShadowOpacity | ContainsFloorPoint,0,0,0,0,0,0,0,0,71,Assets/Editor/RoomProjectionRegressionTests.cs:17 | Assets/Editor/RoomProjectionCalibrationWindow.cs:12 | Assets/Scripts/Characters/RoomPersonWalker2D.cs:9 | Assets/Scripts/PointClickPlayerMovement.cs:7 | Assets/Editor/GuestButlerScaleRegressionTests.cs:6 | Assets/Editor/RoomPerspectiveProfileEditor.cs:6 | Assets/Scripts/Characters/RoomProjectedEntity.cs:4 | Assets/Scripts/Navigation/RoomContentGroup.cs:4 | Assets/Editor/StoryActorRoomStageLockingTests.cs:2 | Assets/_Chateau/Scripts/Chapter/Chapter01/Chapter1ArrivalController.cs:2 | Assets/Scripts/Characters/RoomPerspectiveProfile.cs:1 | Assets/Scripts/Story/ActorRoomState.cs:1,e43aae3b108144478b67cf2bce6ce997,2,Assets/ScriptableObjects/Rooms/DiningRoomPerspectiveProfile.asset:1 | Assets/ScriptableObjects/Rooms/DrawingRoomPerspectiveProfile.asset:1
RoomProjectedEntity,class,MonoBehaviour,Assets/Scripts/Characters/RoomProjectedEntity.cs,Runtime,1229,Awake | OnEnable | LateUpdate | OnDisable | OnValidate | Reset,SetRoomProfile | SetVisualProfile | SetVisualRoot | SetButlerCharacterScaleRulesEnabled | SetButlerScaleSource | SetIgnoreRoomVisualScaleOverridesWhenUsingButlerRules | SetUseButlerRulesOnlyForFloorCharacters | SetRoomVisualScaleOverridesEnabled | SetEditorSelectedVisualScaleRoomId | SetProjectedSortingSuppressed | GetVisualRootScaleForRoom | TryGetVisualRootScaleForRoom | HasVisualRootScaleForRoom | SetVisualRootScaleForRoom | RemoveVisualRootScaleForRoom | CaptureCurrentVisualRootScaleForRoom | GetVisualScaleOverrideRoomIds | SetRoomLocalFootPoint | TrySetRoomLocalFootPointFromTarget | UseProfileFromRoomTarget | CanProjectTarget | TryGetRoomLocalFootPointForTarget | RefreshVisualTargets | ApplyProjection | GetProjectedScale | GetSortingOrder | GetSortingLayerName | ApplyButlerCharacterScaleNow | TryGetButlerCharacterScaleSample | Matches,3,0,0,0,0,0,1,0,122,Assets/Editor/RoomProjectionRegressionTests.cs:22 | Assets/_Chateau/Scripts/Chapter/Chapter01/Chapter1ArrivalController.cs:13 | Assets/Scripts/Characters/GuestScaleParticipant.cs:12 | Assets/Scripts/Characters/GuestRoomScaleApplier.cs:11 | Assets/Editor/GuestScaleAudit.cs:9 | Assets/Editor/RoomProjectedEntityEditor.cs:9 | Assets/Editor/GuestButlerScaleRegressionTests.cs:8 | Assets/Scripts/Story/ActorRoomState.cs:7 | Assets/Editor/ButlerRoomScaleCalibrationWindow.cs:4 | Assets/Editor/RoomProjectionCalibrationWindow.cs:4 | Assets/Editor/RoomPerspectiveProfileEditor.cs:3 | Assets/Scripts/Characters/DiningRoomSeatedGuestOcclusionException.cs:3 | Assets/Scripts/Story/NPCWaypointMover.cs:3 | Assets/Editor/CharacterRegressionTests.cs:2 | Assets/Scripts/Characters/RoomPersonWalker2D.cs:2 | Assets/Scripts/Characters/WorldYSortSpriteRenderer.cs:2 | Assets/_Chateau/Scripts/Chapter/Chapter02/Chapter2GuestPanicController.cs:2 | Assets/_Chateau/Scripts/Chapter/Chapter02/Chapter2GuestSearchController.cs:2 | Assets/Editor/Chapter1GuestRoomVisibilityRegressionTests.cs:1 | Assets/Editor/Chapter2RegressionTests.cs:1 | Assets/Editor/ObjectCollisionBoxAuthoringWindow.cs:1 | Assets/Editor/PointClickPlayerMovementEditor.cs:1,361e3658088b41ab98d330ae6457640b,13,Assets/Scenes/Gameplay.unity:5 | Assets/Prefabs/Room_Drawing_Room.prefab:4 | Assets/Prefabs/Room_Drawing_Room_Perspective.prefab:4
WorldYSortSpriteRenderer,class,MonoBehaviour,Assets/Scripts/Characters/WorldYSortSpriteRenderer.cs,Runtime,176,OnEnable | LateUpdate | OnValidate | Reset,ApplySorting,1,0,0,0,0,0,1,0,2,Assets/Editor/RoomProjectionRegressionTests.cs:2,75f090bb68ab450d9703d9581c5c543a,11,Assets/Scenes/Gameplay.unity:11
YSortSolidObstacle2D,class,MonoBehaviour,Assets/Scripts/Characters/YSortSolidObstacle2D.cs,Runtime,91,OnEnable | OnValidate | Reset,ShouldDisableOcclusionForPoint | ContainsPoint | TryGetPhysicalBounds,0,0,0,0,0,0,1,0,3,Assets/Scripts/Characters/WorldYSortSpriteRenderer.cs:2 | Assets/Editor/NavigationRegressionTests.cs:1,e89a7a6e329b4106a50461f13559b2e0,0,
RoomEnvironmentItemKind,enum,,Assets/Scripts/Environment/RoomEnvironmentMarker.cs,Runtime,40,,Configure,0,0,0,0,0,0,0,0,7,Assets/Editor/RoomEnvironmentAuthoringWindow.cs:3 | Assets/Scripts/Environment/RoomEnvironmentMarker.cs:3 | Assets/Editor/FlameBloomSeparationTools.cs:1,37be03b1dd3c4b0fb9b8c5c1f6d4a03c,21,Assets/Scenes/Gameplay.unity:19 | Assets/Prefabs/Room_Drawing_Room.prefab:1 | Assets/Prefabs/Room_Drawing_Room_Perspective.prefab:1
RoomEnvironmentMarker,class,MonoBehaviour,Assets/Scripts/Environment/RoomEnvironmentMarker.cs,Runtime,40,,Configure,0,0,0,0,0,0,0,0,11,Assets/Editor/RoomEnvironmentAuthoringWindow.cs:8 | Assets/Editor/FlameBloomSeparationTools.cs:3,37be03b1dd3c4b0fb9b8c5c1f6d4a03c,21,Assets/Scenes/Gameplay.unity:19 | Assets/Prefabs/Room_Drawing_Room.prefab:1 | Assets/Prefabs/Room_Drawing_Room_Perspective.prefab:1
NoPostProcessRenderLayer,class,MonoBehaviour,Assets/Scripts/Lighting/NoPostProcessRenderLayer.cs,Runtime,60,OnEnable | LateUpdate | OnValidate,ApplyNow,0,0,0,0,0,0,1,0,8,Assets/Editor/FlameBloomSeparationTools.cs:6 | Assets/Editor/RoomLightingRegressionTests.cs:1 | Assets/Scripts/UrpPostProcessingBootstrap.cs:1,501342ebff1f4a1091db7fdbb33842d5,0,
PostProcessBypassCamera,class,MonoBehaviour,Assets/Scripts/Lighting/PostProcessBypassCamera.cs,Runtime,158,OnEnable | LateUpdate | OnValidate,EnsureForCamera | Configure,1,0,1,1,0,0,1,0,13,Assets/Scripts/Lighting/PostProcessBypassCamera.cs:7 | Assets/Editor/FlameBloomSeparationTools.cs:2 | Assets/Editor/RoomLightingRegressionTests.cs:2 | Assets/Scripts/UrpPostProcessingBootstrap.cs:2,f7e797986b214ad2bc9f12f34a77a24c,0,
RoomLightOverlay,class,MonoBehaviour,Assets/Scripts/Lighting/RoomLightOverlay.cs,Runtime,421,OnEnable | Update | OnDisable | OnValidate,ApplyDefinition | SetLightBlend,0,0,0,0,0,0,1,0,17,Assets/Scripts/Lighting/RoomLightingController.cs:9 | Assets/Editor/FlameBloomSeparationTools.cs:4 | Assets/Editor/RoomEnvironmentAuthoringWindow.cs:3 | Assets/Editor/RoomLightingRegressionTests.cs:1,7f7a27b0ab2e4f728f38a7f82be9eb11,680,Assets/Scenes/Gameplay.unity:674 | Assets/Prefabs/Room_Drawing_Room.prefab:3 | Assets/Prefabs/Room_Drawing_Room_Perspective.prefab:3
RoomLightingController,class,MonoBehaviour,Assets/Scripts/Lighting/RoomLightingController.cs,Runtime,777,Awake | OnEnable | Update | OnValidate,CreateMissingSceneLightsFromPreset | ToggleLights,4,1,4,5,0,0,1,0,3,Assets/Editor/RoomLightingRegressionTests.cs:3,1aeafe6c29b04bb5a9e6d98f06298e45,1,Assets/Scenes/Gameplay.unity:1
RoomLightingPreset,class,ScriptableObject,Assets/Scripts/Lighting/RoomLightingPreset.cs,Runtime,44,,,0,0,0,0,0,0,0,0,9,Assets/Scripts/Lighting/RoomLightingController.cs:5 | Assets/Editor/RoomLightingRegressionTests.cs:3 | Assets/Scripts/Lighting/RoomLightingPreset.cs:1,6e26b37907904aac8d0f29cbf5a8401d,1,Assets/Resources/Lighting/RoomLightingPreset.asset:1
RoomLightDefinition,class,,Assets/Scripts/Lighting/RoomLightingPreset.cs,Runtime,44,,,0,0,0,0,0,0,0,0,11,Assets/Scripts/Lighting/RoomLightingController.cs:4 | Assets/Scripts/Lighting/RoomLightingPreset.cs:3 | Assets/Editor/RoomEnvironmentAuthoringWindow.cs:2 | Assets/Editor/FlameBloomSeparationTools.cs:1 | Assets/Scripts/Lighting/RoomLightOverlay.cs:1,6e26b37907904aac8d0f29cbf5a8401d,1,Assets/Resources/Lighting/RoomLightingPreset.asset:1
RoomLightAnimationStyle,enum,,Assets/Scripts/Lighting/RoomLightingPreset.cs,Runtime,44,,,0,0,0,0,0,0,0,0,31,Assets/Editor/RoomEnvironmentAuthoringWindow.cs:16 | Assets/Scripts/Lighting/RoomLightOverlay.cs:10 | Assets/Editor/FlameBloomSeparationTools.cs:3 | Assets/Scripts/Lighting/RoomLightingPreset.cs:2,6e26b37907904aac8d0f29cbf5a8401d,1,Assets/Resources/Lighting/RoomLightingPreset.asset:1
MainMenuController,class,MonoBehaviour,Assets/Scripts/MainMenuController.cs,Runtime,1516,Awake | OnEnable | Start | Update | OnDisable | Reset,NewGame | ContinueGame | ExitGame | Refresh,3,0,15,1,0,0,0,0,4,Assets/Editor/NavigationRegressionTests.cs:2 | Assets/Editor/Chapter2RegressionTests.cs:1 | Assets/Scripts/MainMenuController.cs:1,edb659fd3a16f84f796f1355971d6893,1,Assets/Scenes/MainMenu.unity:1
DoorButton,class,MonoBehaviour,Assets/Scripts/Navigation/DoorButton.cs,Runtime,190,Awake | OnDestroy | Reset,RefreshInferredNames,1,0,0,0,0,0,0,0,16,Assets/Editor/NavigationEditorTools.cs:8 | Assets/Scripts/Navigation/RoomNavigationManager.cs:6 | Assets/Scripts/Navigation/DoorButton.cs:1 | Assets/Scripts/Navigation/RoomNavigationBootstrap.cs:1,526d59741832df7afadeab75a481cf82,0,
DoorCameraSequence,class,ScriptableObject,Assets/Scripts/Navigation/DoorCameraSequence.cs,Runtime,92,,TryGetNextRoom | ContainsRoom,0,0,0,0,0,0,0,0,10,Assets/Scripts/Navigation/RoomNavigationManager.cs:6 | Assets/Scripts/Navigation/DoorPromptSequenceController.cs:3 | Assets/Scripts/Navigation/DoorCameraSequence.cs:1,1a9d9d0c51c54b0f92dd15e3a7a6c4e1,1,Assets/Resources/Navigation/DoorCameraSequence.asset:1
RoomDefinition,class,,Assets/Scripts/Navigation/DoorDataParser.cs,Runtime,173,,AddDoor | Parse,0,0,0,0,0,0,0,0,14,Assets/Scripts/Navigation/RoomNavigationManager.cs:8 | Assets/Scripts/Navigation/DoorDataParser.cs:5 | Assets/Editor/NavigationEditorTools.cs:1,e87c131c2051e9f8b8649cf00313f37c,0,
DoorRoute,class,,Assets/Scripts/Navigation/DoorDataParser.cs,Runtime,173,,AddDoor | Parse,0,0,0,0,0,0,0,0,18,Assets/Scripts/Navigation/DoorDataParser.cs:10 | Assets/Scripts/Navigation/RoomNavigationManager.cs:6 | Assets/Editor/NavigationEditorTools.cs:2,e87c131c2051e9f8b8649cf00313f37c,0,
DoorDataParseResult,class,,Assets/Scripts/Navigation/DoorDataParser.cs,Runtime,173,,AddDoor | Parse,0,0,0,0,0,0,0,0,8,Assets/Scripts/Navigation/DoorDataParser.cs:4 | Assets/Editor/NavigationEditorTools.cs:3 | Assets/Scripts/Navigation/RoomNavigationManager.cs:1,e87c131c2051e9f8b8649cf00313f37c,0,
DoorDataParser,class,,Assets/Scripts/Navigation/DoorDataParser.cs,Runtime,173,,AddDoor | Parse,0,0,0,0,0,0,0,0,3,Assets/Editor/NavigationEditorTools.cs:2 | Assets/Scripts/Navigation/RoomNavigationManager.cs:1,e87c131c2051e9f8b8649cf00313f37c,0,
DoorPromptSequenceController,class,MonoBehaviour,Assets/Scripts/Navigation/DoorPromptSequenceController.cs,Runtime,274,Awake | OnEnable | Start | Update | OnDisable,,3,1,1,0,0,0,0,0,4,Assets/Scripts/Navigation/RoomNavigationBootstrap.cs:3 | Assets/Editor/NavigationRegressionTests.cs:1,3f9bb60e65b04160aa752c2b3fcfdb4d,0,
DoorTriggerNavigation,class,MonoBehaviour | IPointerClickHandler | IPointerEnterHandler | IPointerExitHandler,Assets/Scripts/Navigation/DoorTriggerNavigation.cs,Runtime,1401,Awake | OnEnable | Update | OnDisable | OnValidate | Reset,OnPointerEnter | OnPointerExit | OnPointerClick | IsPointerOverActiveTrigger | ActivateDoor | TryFindArrivalDestination | RefreshInferredSourceRoom,4,2,0,0,1,0,0,0,75,Assets/Scripts/Navigation/DoorTriggerNavigation.cs:19 | Assets/Scripts/Navigation/RoomNavigationManager.cs:16 | Assets/_Chateau/Scripts/Chapter/Chapter02/Chapter2GuestSearchController.cs:14 | Assets/Editor/NavigationEditorTools.cs:7 | Assets/Scripts/Navigation/DoorPromptSequenceController.cs:7 | Assets/_Chateau/Scripts/Chapter/Chapter01/Chapter1ArrivalController.cs:4 | Assets/Scripts/PointClickPlayerMovement.cs:3 | Assets/Editor/Chapter2RegressionTests.cs:2 | Assets/Editor/NavigationRegressionTests.cs:2 | Assets/Scripts/Navigation/RoomNavigationBootstrap.cs:1,7e419b0f8f26d4f2d8d03e567fef4c52,58,Assets/Scenes/Gameplay.unity:45 | Assets/Scenes/MainMenu.unity:9 | Assets/Prefabs/Room_Drawing_Room.prefab:2 | Assets/Prefabs/Room_Drawing_Room_Perspective.prefab:2
ObjectMovementBlocker2D,class,MonoBehaviour,Assets/Scripts/Navigation/ObjectMovementBlocker2D.cs,Runtime,179,OnEnable | LateUpdate | OnValidate | Reset,Configure | ApplySourceSortingNow,0,0,0,0,0,0,1,0,19,Assets/Editor/ObjectCollisionBoxAuthoringWindow.cs:11 | Assets/Editor/ObjectCollisionBoxRegressionTests.cs:7 | Assets/Scripts/PointClickPlayerMovement.cs:1,b95469e02af64fee8b29689edb9b583a,49,Assets/Scenes/Gameplay.unity:49
RoomContentGroup,class,MonoBehaviour,Assets/Scripts/Navigation/RoomContentGroup.cs,Runtime,256,OnEnable | OnValidate | Reset,RefreshInferredRoomName | SetRoomName | SetRoomBackgroundTexture | TryGetRoomBackgroundTexture | SetPerspectiveProfile | TryGetPerspectiveProfile | ApplyChildRendererVisibilityDefaults,0,0,0,0,0,0,0,0,223,Assets/Editor/NavigationEditorTools.cs:31 | Assets/Scripts/PointClickPlayerMovement.cs:22 | Assets/_Chateau/Scripts/Chapter/Chapter01/Chapter1ArrivalController.cs:14 | Assets/Scripts/Characters/RoomProjectedEntity.cs:13 | Assets/Scripts/Lighting/RoomLightingController.cs:13 | Assets/Scripts/Navigation/RoomNavigationManager.cs:12 | Assets/Editor/RoomEnvironmentAuthoringWindow.cs:10 | Assets/Scripts/Characters/GuestScaleParticipant.cs:9 | Assets/Editor/ButlerRoomScaleCalibrationWindow.cs:8 | Assets/Editor/GuestRoomScaleMasterWindow.cs:8 | Assets/Editor/NavigationRegressionTests.cs:8 | Assets/Scripts/Story/ActorRoomState.cs:8 | Assets/Editor/ObjectCollisionBoxAuthoringWindow.cs:7 | Assets/Scripts/Characters/GuestRoomStageScaleUtility.cs:7 | Assets/Scripts/Characters/RoomPersonWalker2D.cs:6 | Assets/_Chateau/Scripts/Chapter/Chapter02/Chapter2GuestPanicController.cs:6 | Assets/Editor/FlameBloomSeparationTools.cs:5 | Assets/Editor/NavigationRoomImageShaderControlsWindow.cs:5 | Assets/Editor/RoomProjectedEntityEditor.cs:4 | Assets/Editor/RoomProjectionCalibrationWindow.cs:4 | Assets/Editor/StoryActorRoomStageLockingTests.cs:4 | Assets/_Chateau/Scripts/Chapter/Chapter02/Chapter2GuestSearchController.cs:3 | Assets/Editor/GuestButlerScaleRegressionTests.cs:2 | Assets/Editor/GuestScaleAudit.cs:2 | Assets/Editor/ObjectCollisionBoxRegressionTests.cs:2 | Assets/Map/CameraManager.cs:2 | Assets/Scripts/Characters/GuestRoomScaleApplier.cs:2 | Assets/Scripts/Story/RoomAnchor.cs:2 | Assets/Editor/RoomLightingRegressionTests.cs:1 | Assets/Editor/RoomProjectionRegressionTests.cs:1,d0ea47fd950844bcacb0fd5556a9d880,22,Assets/Scenes/Gameplay.unity:19 | Assets/Prefabs/Room.prefab:1 | Assets/Prefabs/Room_Drawing_Room.prefab:1 | Assets/Prefabs/Room_Drawing_Room_Perspective.prefab:1
RoomNavigationBootstrap,class,,Assets/Scripts/Navigation/RoomNavigationBootstrap.cs,Runtime,69,,,5,0,1,2,3,0,0,0,1,Assets/Editor/NavigationRegressionTests.cs:1,ee39d7886e1b437f59e4e82b50f560c8,0,
RoomNavigationManager,class,MonoBehaviour,Assets/Scripts/Navigation/RoomNavigationManager.cs,Runtime,1268,Awake | Start | OnDestroy,ReloadDoorData | TryMoveThroughDoor | MoveToRoom | GetKnownRoomNames | DebugTeleportToRoom | OpenDoorFromCurrentRoom | MoveThroughInspectorDoor | HasDoor | HasRoom | FindRoomTexture | RefreshDoorButtonCache | RefreshRoomContentCache,16,3,1,0,0,0,0,0,70,Assets/Editor/GuestRoomScaleMasterWindow.cs:7 | Assets/Editor/ButlerRoomScaleCalibrationWindow.cs:5 | Assets/Scripts/Audio/ClockTickingAmbienceController.cs:5 | Assets/Scripts/Audio/FireplaceAmbienceController.cs:5 | Assets/Scripts/PointClickPlayerMovement.cs:5 | Assets/_Chateau/Scripts/Chapter/Chapter01/Chapter1ArrivalController.cs:5 | Assets/Scripts/Navigation/RoomNavigationBootstrap.cs:4 | Assets/Scripts/UI/RuntimeSettingsMenu.cs:4 | Assets/Scripts/Navigation/DoorButton.cs:3 | Assets/Scripts/Navigation/DoorTriggerNavigation.cs:3 | Assets/Map/CameraManager.cs:2 | Assets/Scripts/Audio/GuestVoiceLinePlayback.cs:2 | Assets/Scripts/Characters/GuestRoomScaleApplier.cs:2 | Assets/Scripts/Characters/GuestScaleParticipant.cs:2 | Assets/Scripts/Navigation/DoorPromptSequenceController.cs:2 | Assets/Scripts/Story/ActorRoomState.cs:2 | Assets/Scripts/UI/SubtitleService.cs:2 | Assets/_Chateau/Scripts/Chapter/Chapter02/Chapter2Controller.cs:2 | Assets/_Chateau/Scripts/Chapter/Chapter02/Chapter2GuestFindAction.cs:2 | Assets/_Chateau/Scripts/Chapter/Chapter02/Chapter2GuestSearchController.cs:2 | Assets/_Chateau/Scripts/Chapter/Chapter02/Chapter2MonsterStingerController.cs:2 | Assets/Editor/NavigationRegressionTests.cs:1 | Assets/Scripts/Navigation/RoomContentGroup.cs:1,88f4088eff8696ab181615a79b7e114c,0,
RoomChangedEvent,class,UnityEvent<string>,Assets/Scripts/Navigation/RoomNavigationManager.cs,Runtime,1268,Awake | Start | OnDestroy,ReloadDoorData | TryMoveThroughDoor | MoveToRoom | GetKnownRoomNames | DebugTeleportToRoom | OpenDoorFromCurrentRoom | MoveThroughInspectorDoor | HasDoor | HasRoom | FindRoomTexture | RefreshDoorButtonCache | RefreshRoomContentCache,16,3,1,0,0,0,0,0,3,Assets/Scripts/Navigation/RoomNavigationManager.cs:3,88f4088eff8696ab181615a79b7e114c,0,
RoomVisualCatalog,class,ScriptableObject,Assets/Scripts/Navigation/RoomVisualCatalog.cs,Runtime,45,,TryGetRoomTexture,0,0,0,0,0,0,0,0,16,Assets/Editor/NavigationEditorTools.cs:10 | Assets/Scripts/Navigation/RoomNavigationManager.cs:5 | Assets/Scripts/Navigation/RoomVisualCatalog.cs:1,cbc070e2317b8dfd088947e285e93156,1,Assets/Resources/Navigation/RoomVisualCatalog.asset:1
RoomVisualEntry,class,,Assets/Scripts/Navigation/RoomVisualCatalog.cs,Runtime,45,,TryGetRoomTexture,0,0,0,0,0,0,0,0,6,Assets/Editor/NavigationEditorTools.cs:3 | Assets/Scripts/Navigation/RoomVisualCatalog.cs:2 | Assets/Scripts/Navigation/RoomNavigationManager.cs:1,cbc070e2317b8dfd088947e285e93156,1,Assets/Resources/Navigation/RoomVisualCatalog.asset:1
NewBehaviourScript,class,MonoBehaviour,Assets/Scripts/NewBehaviourScript.cs,Runtime,18,Start | Update,,0,0,0,0,0,0,0,0,0,,20c0d08079d9ec0a69a50782a01b8546,0,
OdditySpriteAnimator,class,MonoBehaviour,Assets/Scripts/Oddities/OdditySpriteAnimator.cs,Runtime,246,Awake | OnEnable | Update | OnDisable | OnValidate | Reset,,0,0,0,0,0,0,1,0,1,Assets/Editor/OddityRegressionTests.cs:1,4c95f89f0ed64c71a67dc361f0eaa7ad,0,
PickupObject,class,MonoBehaviour | IPointerEnterHandler | IPointerExitHandler,Assets/Scripts/PickupObject.cs,Runtime,43,OnDisable,OnPointerEnter | OnPointerExit,0,0,0,0,0,0,0,0,1,Assets/Editor/NavigationRegressionTests.cs:1,985df4bddd82788d9bfa7e3ec1944f3a,0,
PlayerMovement,class,MonoBehaviour,Assets/Scripts/PlayerMovement.cs,Runtime,300,Awake | OnEnable | Update | FixedUpdate | OnDisable | OnValidate | Reset,OnMove | OnJump | OnCrouch | OnLanding | OnCrouching,0,0,0,0,0,0,0,0,7,Assets/Scripts/PointClickPlayerMovement.cs:2 | Assets/Scripts/Story/ChapterManager.cs:2 | Assets/_Chateau/Scripts/Chapter/Chapter01/Chapter1ArrivalController.cs:2 | Assets/_Chateau/Scripts/Chapter/Chapter02/Chapter2GuestPanicController.cs:1,0a3a55dd8487815229cb003de0eeaf13,1,Assets/Prefabs/Player.prefab:1
PointClickPlayerMovement,class,MonoBehaviour,Assets/Scripts/PointClickPlayerMovement.cs,Runtime,4348,Awake | Start | Update | FixedUpdate | LateUpdate | OnDisable,SetInputEnabled | RefreshAnimatorParameters | RefreshPerspectiveScaleNow | UsesPerspectiveProfile | EnsureButlerCalibrationBaseScale | CaptureCurrentTransformAsButlerCalibrationBaseScale | RestoreButlerCalibrationBaseScalePreview | ApplyButlerScalePreview | ApplyButlerFinalLocalScalePreview | CaptureCurrentButlerPreviewScale | CaptureCurrentButlerFinalLocalScaleY | BuildButlerFinalLocalScaleForPreview | SetEditorSelectedButlerScaleRoomId | TryGetButlerRoomScaleOverride | HasCompleteButlerRoomScaleOverride | GetButlerScaleForRoomAtY | TryEvaluateButlerRoomScale | TryEvaluateButlerFinalLocalScaleForRoomAtY | TryEvaluateButlerCharacterScale | TryEvaluateCurrentButlerCharacterScale | SetButlerFrontScaleForRoom | SetButlerFrontFinalLocalScaleForRoom | SetButlerBackScaleForRoom | SetButlerBackFinalLocalScaleForRoom | RemoveButlerScaleOverrideForRoom | GetButlerScaleOverrideRoomIds | TryGetButlerCalibrationContext | InitializeButlerScaleOverrideForRoomFromCurrentPerspective | TryGetButlerScaleDebugSnapshot | SetPerspectiveScaleEnabled | SetPlayerSortingEnabled | RefreshWalkableFloorForCurrentRoom | TrySetDestinationFromScreenPoint | TrySetDestination | TryWarpTo | TryFindClosestReachableDestinationToWorldPoint | TryFindClosestReachableDestinationToWorldPointTowardRoomCenter | TryEvaluateMovementAtScreenPoint | TryGetScreenPointFromLogicalPosition | TryGetWorldPointFromLogicalPosition | TryGetLogicalPositionFromWorldPoint | MoveLogicalPointToward | TryBuildReachableWorldPath | SetFront | SetBack | ToData | Matches,14,0,0,1,0,0,0,0,278,Assets/Editor/ButlerRoomScaleCalibrationWindow.cs:42 | Assets/Scripts/Navigation/DoorTriggerNavigation.cs:21 | Assets/_Chateau/Scripts/Chapter/Chapter02/Chapter2GuestPanicController.cs:20 | Assets/Scripts/Characters/RoomPersonWalker2D.cs:19 | Assets/Scripts/Characters/RoomProjectedEntity.cs:19 | Assets/_Chateau/Scripts/Chapter/Chapter01/Chapter1ArrivalController.cs:19 | Assets/Editor/GuestRoomScaleMasterWindow.cs:18 | Assets/Editor/GuestButlerScaleRegressionTests.cs:15 | Assets/Editor/NavigationRegressionTests.cs:14 | Assets/Scripts/Characters/GuestRoomScaleCalibration.cs:12 | Assets/Editor/RoomProjectionRegressionTests.cs:11 | Assets/Scripts/Navigation/RoomNavigationManager.cs:11 | Assets/Editor/GuestScaleAudit.cs:10 | Assets/_Chateau/Scripts/Chapter/Chapter01/Chapter1SceneAction.cs:10 | Assets/Scripts/Story/ChapterManager.cs:8 | Assets/Scripts/Story/ActorRoomState.cs:5 | Assets/_Chateau/Scripts/Chapter/Chapter02/Chapter2Controller.cs:4 | Assets/Editor/Chapter1GuestRoomVisibilityRegressionTests.cs:3 | Assets/Editor/RoomPerspectiveProfileEditor.cs:3 | Assets/Editor/Chapter2RegressionTests.cs:2 | Assets/Editor/CharacterRegressionTests.cs:2 | Assets/Scripts/Audio/DialogueSpeechService.cs:2 | Assets/Scripts/Characters/WorldYSortSpriteRenderer.cs:2 | Assets/Scripts/UI/SpeakingCharacterIndicator.cs:2 | Assets/Editor/ObjectCollisionBoxRegressionTests.cs:1 | Assets/Editor/PointClickPlayerMovementEditor.cs:1 | Assets/Editor/RoomProjectedEntityEditor.cs:1 | Assets/Scripts/Characters/GuestScaleParticipant.cs:1,2d0c4cb59e8b4a76a27c91989d2b3f70,2,Assets/Prefabs/Player.prefab:1 | Assets/Scenes/Gameplay.unity:1
StaticFrameGroup,class,ScriptableObject,Assets/Scripts/StaticFrameGroup.cs,Runtime,68,OnValidate,IsValid | isValid | GetFrame | GetIntensity,0,0,0,0,0,0,0,0,5,Assets/Scripts/StaticSet.cs:2 | Assets/Map/CameraManager.cs:1 | Assets/Scripts/StaticNoisePlayer.cs:1 | Assets/Scripts/StaticSetImagePlayer.cs:1,f954595883d2d986bb8e306016525218,0,
StaticNoisePlayer,class,MonoBehaviour,Assets/Scripts/StaticNoisePlayer.cs,Runtime,305,Awake | OnEnable | OnDisable | Reset,Play | PlaySet | Stop,0,0,0,0,0,0,0,0,2,Assets/Editor/NavigationRegressionTests.cs:1 | Assets/Scripts/StaticNoisePlayer.cs:1,9ec3b89548306a40294ac738ad5bb2d5,1,Assets/Scenes/Panel_Static.prefab:1
StaticSet,class,ScriptableObject,Assets/Scripts/StaticSet.cs,Runtime,35,,IsValid | isValid,0,0,0,0,0,0,0,0,3,Assets/Scripts/StaticNoisePlayer.cs:2 | Assets/Scripts/StaticSetImagePlayer.cs:1,8ee0b76aa7b0ee882ad0323c147c3bfd,0,
StaticSetImagePlayer,class,MonoBehaviour,Assets/Scripts/StaticSetImagePlayer.cs,Runtime,288,Awake | OnEnable | LateUpdate | OnDisable | OnDestroy | OnValidate | Reset,Play | Stop,0,0,0,0,0,0,0,0,8,Assets/Editor/RoomEnvironmentAuthoringWindow.cs:3 | Assets/Scripts/Navigation/RoomContentGroup.cs:3 | Assets/Map/CameraManager.cs:2,6c514a4b9f2a4fb1b291fe23fde4e9ad,24,Assets/Scenes/Gameplay.unity:20 | Assets/Prefabs/Room_Drawing_Room.prefab:2 | Assets/Prefabs/Room_Drawing_Room_Perspective.prefab:2
ActorRoomState,class,MonoBehaviour,Assets/Scripts/Story/ActorRoomState.cs,Runtime,1012,Awake | OnEnable | Update | LateUpdate | OnDisable | OnValidate | Reset,SetActorId | SetCurrentRoom | SetAvailableInCurrentChapter | SetVisibleByChapterState | SetInteractable | SetSeated | ResetAnimatorToAuthoredState | SetScaleWithRoomStageMotion | ResetAuthoredActorScaleForEditor | TryGetButlerCharacterScaleSample | ApplyButlerCharacterScaleNow | PlaceAt | BindToRoomStagePoint | ClearRoomStagePointBinding | ApplyState,3,0,0,0,0,0,0,0,145,Assets/_Chateau/Scripts/Chapter/Chapter02/Chapter2GuestSearchController.cs:24 | Assets/Scripts/UI/SpeakingCharacterIndicator.cs:15 | Assets/_Chateau/Scripts/Chapter/Chapter01/Chapter1ArrivalController.cs:12 | Assets/Editor/RoomProjectionRegressionTests.cs:11 | Assets/Editor/Chapter2RegressionTests.cs:8 | Assets/Editor/GuestButlerScaleRegressionTests.cs:8 | Assets/Editor/StoryActorRoomStageLockingTests.cs:8 | Assets/_Chateau/Scripts/Chapter/Chapter02/Chapter2GuestPanicController.cs:7 | Assets/Editor/Chapter1GuestRoomVisibilityRegressionTests.cs:6 | Assets/Editor/NavigationRegressionTests.cs:6 | Assets/_Chateau/Scripts/Chapter/Chapter01/GuestArrivalConfig.cs:6 | Assets/Scripts/Characters/DiningRoomSeatedGuestOcclusionException.cs:5 | Assets/Scripts/Characters/GuestScaleParticipant.cs:5 | Assets/Editor/GuestScaleAudit.cs:4 | Assets/Scripts/Characters/GuestRoomScaleApplier.cs:4 | Assets/Editor/CharacterRegressionTests.cs:3 | Assets/Scripts/Characters/DiningRoomSeatedGuestOcclusionController.cs:3 | Assets/Scripts/Characters/RoomProjectedEntity.cs:3 | Assets/Editor/RoomProjectedEntityEditor.cs:2 | Assets/Scripts/Characters/RoomPersonWalker2D.cs:2 | Assets/Scripts/Story/ChapterManager.cs:2 | Assets/Scripts/Story/ActorRoomState.cs:1,52aa6b0f97094c5caf21419184eed4e2,0,
ChapterClock,class,MonoBehaviour,Assets/Scripts/Story/ChapterClock.cs,Runtime,110,Update | OnValidate,ResetClock | SetStartTime | SetSecondsPerGameMinute | HasReachedTime | GetGameMinutesUntil | StartClock | StopClock | ToTotalMinutes | FormatTime,0,0,0,0,0,0,0,0,39,Assets/Scripts/UI/RuntimeSettingsMenu.cs:8 | Assets/Scripts/Story/ChapterEventScheduler.cs:5 | Assets/Scripts/Story/ChapterManager.cs:5 | Assets/Scripts/Story/ChapterTimeSettingsUI.cs:3 | Assets/Scripts/Story/DoorbellSystem.cs:3 | Assets/Scripts/Story/GrandfatherClockInteraction.cs:3 | Assets/_Chateau/Scripts/Chapter/Chapter01/Chapter1ArrivalController.cs:3 | Assets/_Chateau/Scripts/Chapter/Chapter02/Chapter2Controller.cs:3 | Assets/Scripts/Story/GameClockHandsDisplay.cs:2 | Assets/_Chateau/Scripts/Chapter/Chapter01/Chapter1InteractionHUD.cs:2 | Assets/_Chateau/Scripts/Chapter/Chapter02/Chapter2InteractionHUD.cs:2,1a405cdcb44e4f15bfd177ca70cc9ca4,1,Assets/Scenes/Gameplay.unity:1
ChapterEventScheduler,class,MonoBehaviour,Assets/Scripts/Story/ChapterEventScheduler.cs,Runtime,166,Awake | Update,ScheduleOneShot | ScheduleOneShotAtClockTime | Clear,1,0,0,0,0,0,0,0,7,Assets/Scripts/Story/ChapterManager.cs:5 | Assets/_Chateau/Scripts/Chapter/Chapter01/Chapter1ArrivalController.cs:2,bbe343a17f37436d806da3e58b6472c4,1,Assets/Scenes/Gameplay.unity:1
ChapterIntroUI,class,MonoBehaviour,Assets/Scripts/Story/ChapterIntroUI.cs,Runtime,536,Awake,ShowBlack | ShowTitle | FadeFromBlack | FadeToBlack | HideOverlay | ValidateRequiredReferences,1,0,4,2,0,0,0,0,12,Assets/Scripts/Story/ChapterIntroUI.cs:4 | Assets/Scripts/Story/ChapterManager.cs:4 | Assets/_Chateau/Scripts/Chapter/Chapter02/Chapter2Controller.cs:3 | Assets/Editor/Chapter2RegressionTests.cs:1,97af4a761ae641b1b180d4ae9898b061,1,Assets/Scenes/Gameplay.unity:1
ChapterPhase,enum,,Assets/Scripts/Story/ChapterManager.cs,Runtime,814,Awake | Start | Update,StartChapter1 | TriggerNextGuest | PrintChapterState | SetPhase | NotifyArrivalSequenceComplete | CompleteChapter | CompleteChapterAndTriggerNextChapter | SetChapterPlayerInputEnabled | SkipToChapter2ForTesting | SkipToChapter3ForTesting | SkipToSevenPMForTesting,7,0,1,7,1,0,0,0,16,Assets/Scripts/Story/ChapterManager.cs:16,72afcfa1ce4e4ea6856af0ac40450211,1,Assets/Scenes/Gameplay.unity:1
ChapterManager,class,MonoBehaviour,Assets/Scripts/Story/ChapterManager.cs,Runtime,814,Awake | Start | Update,StartChapter1 | TriggerNextGuest | PrintChapterState | SetPhase | NotifyArrivalSequenceComplete | CompleteChapter | CompleteChapterAndTriggerNextChapter | SetChapterPlayerInputEnabled | SkipToChapter2ForTesting | SkipToChapter3ForTesting | SkipToSevenPMForTesting,7,0,1,7,1,0,0,0,32,Assets/Scripts/UI/RuntimeSettingsMenu.cs:7 | Assets/_Chateau/Scripts/Chapter/Chapter02/Chapter2Controller.cs:7 | Assets/Editor/Chapter2RegressionTests.cs:6 | Assets/Scripts/Story/ChapterManager.cs:5 | Assets/_Chateau/Scripts/Chapter/Chapter01/Chapter1ArrivalController.cs:4 | Assets/Scripts/UI/SpeakingCharacterIndicator.cs:2 | Assets/Editor/NavigationRegressionTests.cs:1,72afcfa1ce4e4ea6856af0ac40450211,1,Assets/Scenes/Gameplay.unity:1
ChapterTimeSettingsUI,class,MonoBehaviour,Assets/Scripts/Story/ChapterTimeSettingsUI.cs,Runtime,138,Awake | Update,Initialize,3,0,3,1,0,0,0,0,4,Assets/_Chateau/Scripts/Chapter/Chapter01/Chapter1ArrivalController.cs:3 | Assets/Editor/NavigationRegressionTests.cs:1,12bd9a3afa94b05b1e9ce52146c9c7f4,0,
CoatCloset,class,MonoBehaviour,Assets/Scripts/Story/CoatCloset.cs,Runtime,43,,StoreCoat | ContainsCoat | ClearStoredCoats,0,0,0,0,0,0,0,0,20,Assets/_Chateau/Scripts/Chapter/Chapter01/Chapter1ArrivalController.cs:13 | Assets/_Chateau/Scripts/Chapter/Chapter01/Chapter1SceneAction.cs:5 | Assets/Editor/Chapter1GuestRoomVisibilityRegressionTests.cs:2,f46d1a47beb04599bf3126bbde4a7f25,1,Assets/Scenes/Gameplay.unity:1
DoorbellSystem,class,MonoBehaviour,Assets/Scripts/Story/DoorbellSystem.cs,Runtime,238,Awake | Update,Initialize | StartRinging | RefreshQueueState | StopRinging,1,1,0,1,0,0,0,0,5,Assets/_Chateau/Scripts/Chapter/Chapter01/Chapter1ArrivalController.cs:3 | Assets/Editor/Chapter2RegressionTests.cs:1 | Assets/Editor/NavigationRegressionTests.cs:1,4b5410ab5e584743be969413e655ecb4,0,
GameClockHandsDisplay,class,MonoBehaviour,Assets/Scripts/Story/GameClockHandsDisplay.cs,Runtime,610,Awake | OnEnable | Update | OnDisable | OnValidate,Toggle | Show | Hide | TogglePrimaryClock,5,0,3,1,1,0,0,0,14,Assets/Scripts/Story/GameClockHandsDisplay.cs:14,484ce1d80a6a493782e1c3ae7c4da747,0,
GameplayRuntimeState,class,,Assets/Scripts/Story/GameplayRuntimeState.cs,Runtime,55,,ResetForNewGame | ResetForGameplayStart,0,0,0,0,1,0,0,0,5,Assets/Editor/Chapter2RegressionTests.cs:3 | Assets/Scripts/MainMenuController.cs:1 | Assets/Scripts/Story/ChapterManager.cs:1,8f114fba8070459d9e0d5f2362cf8b2c,0,
GrandfatherClockInteraction,class,MonoBehaviour,Assets/Scripts/Story/GrandfatherClockInteraction.cs,Runtime,298,Awake | OnEnable | Update,Initialize | OpenCloseUp | CloseCloseUp,4,0,6,1,0,0,0,0,10,Assets/_Chateau/Scripts/Chapter/Chapter01/Chapter1ArrivalController.cs:4 | Assets/_Chateau/Scripts/Chapter/Chapter01/Chapter1SceneAction.cs:3 | Assets/_Chateau/Scripts/Chapter/Chapter01/Chapter1InteractionHUD.cs:2 | Assets/Editor/NavigationRegressionTests.cs:1,c6da9f56f65d9988ff5f7da0f8e59fb0,0,
NPCWaypointMover,class,MonoBehaviour,Assets/Scripts/Story/NPCWaypointMover.cs,Runtime,245,Awake | OnValidate,MoveTo | MoveToRoutine | StopMoving | SetAmbientWalkerEnabled | CanUseProjectionAsMotionOwner,0,0,0,0,0,0,0,0,31,Assets/Editor/Chapter2RegressionTests.cs:9 | Assets/_Chateau/Scripts/Chapter/Chapter02/Chapter2GuestSearchController.cs:8 | Assets/_Chateau/Scripts/Chapter/Chapter01/Chapter1ArrivalController.cs:6 | Assets/Editor/GuestScaleAudit.cs:3 | Assets/Scripts/Story/NPCWaypointMover.cs:2 | Assets/_Chateau/Scripts/Chapter/Chapter02/Chapter2GuestPanicController.cs:2 | Assets/Editor/RoomProjectionRegressionTests.cs:1,4f0e848d27bb4cb1881c2cdf6617f6e9,0,
RoomAnchor,class,MonoBehaviour,Assets/Scripts/Story/RoomAnchor.cs,Runtime,73,OnValidate | Reset,RefreshFromHierarchy,0,0,0,0,0,0,0,0,67,Assets/_Chateau/Scripts/Chapter/Chapter02/Chapter2GuestSearchController.cs:24 | Assets/Editor/Chapter1GuestRoomVisibilityRegressionTests.cs:9 | Assets/Editor/PlayModeLayoutCaptureWindow.cs:8 | Assets/Editor/NavigationEditorTools.cs:6 | Assets/_Chateau/Scripts/Chapter/Chapter01/Chapter1ArrivalController.cs:6 | Assets/_Chateau/Scripts/Chapter/Chapter02/Chapter2MonsterStingerController.cs:5 | Assets/Scripts/Characters/DiningRoomSeatedGuestOcclusionController.cs:3 | Assets/Scripts/Characters/DiningRoomSeatedGuestOcclusionException.cs:3 | Assets/Editor/NavigationRegressionTests.cs:2 | Assets/Editor/Chapter2RegressionTests.cs:1,4a4a777a7d334c52a4bbcc158704bb97,79,Assets/Scenes/Gameplay.unity:43 | Assets/Prefabs/Room_Drawing_Room.prefab:18 | Assets/Prefabs/Room_Drawing_Room_Perspective.prefab:18
CursorStyleCatalog,class,,Assets/Scripts/UI/CursorStyleCatalog.cs,Runtime,151,,GetAvailableStyleIndices | GetSelectedStyleIndex | SetSelectedStyleIndex | SanitizeStyleIndex | LoadSelectedTexture | LoadTexture | GetCursorIconPath | GetActionFromName | GetActionResourceName,0,1,0,0,0,3,0,0,31,Assets/Map/CameraManager.cs:24 | Assets/Scripts/MainMenuController.cs:4 | Assets/Editor/NavigationRegressionTests.cs:3,2ca2170510ad7b877a91033254911f53,0,
NavigationCursorHoverTarget,class,MonoBehaviour,Assets/Scripts/UI/NavigationCursorHoverTarget.cs,Runtime,100,Update | OnDisable | OnDestroy,Configure | OnPointerEnter | OnPointerExit | OnPointerDown | OnPointerUp,0,0,0,0,0,0,0,0,7,Assets/Scripts/MainMenuController.cs:3 | Assets/Scripts/UI/RuntimeSettingsMenu.cs:3 | Assets/Editor/NavigationRegressionTests.cs:1,4d6cb092c0fc4a47bc3fb39240ef1404,0,
PostProcessSafeCanvasUtility,class,,Assets/Scripts/UI/PostProcessSafeCanvasUtility.cs,Runtime,125,,GetOrCreateCanvas | MoveToSafeCanvas,3,0,1,3,0,0,0,0,6,Assets/Scripts/Navigation/DoorPromptSequenceController.cs:2 | Assets/Scripts/Navigation/RoomNavigationManager.cs:2 | Assets/Scripts/Story/ChapterIntroUI.cs:1 | Assets/Scripts/UI/RuntimeSettingsMenu.cs:1,bd4ee862c7230194ca0977fb3807c08a,0,
RuntimeSettingsMenu,class,MonoBehaviour,Assets/Scripts/UI/RuntimeSettingsMenu.cs,Runtime,1628,Update | OnDisable | OnDestroy,ResetGlobalModalState | FindOrCreate | Initialize | OnPointerDown | OnDrag,11,0,15,12,0,0,0,0,29,Assets/Scripts/UI/RuntimeSettingsMenu.cs:11 | Assets/Scripts/Navigation/DoorTriggerNavigation.cs:4 | Assets/_Chateau/Scripts/Chapter/Chapter01/Chapter1SceneAction.cs:3 | Assets/Editor/Chapter1GuestRoomVisibilityRegressionTests.cs:2 | Assets/Editor/Chapter2RegressionTests.cs:2 | Assets/Scripts/Navigation/RoomNavigationManager.cs:2 | Assets/Scripts/PointClickPlayerMovement.cs:2 | Assets/Editor/NavigationRegressionTests.cs:1 | Assets/Map/CameraManager.cs:1 | Assets/Scripts/Story/GameplayRuntimeState.cs:1,06d3a7eb4f7d428f9bc3e64b6c47f0b6,0,
SpeakingCharacterIndicator,class,MonoBehaviour,Assets/Scripts/UI/SpeakingCharacterIndicator.cs,Runtime,649,LateUpdate,FindOrCreate | HideAnyCurrent | ShowForSpeechLine | HideForSpeechToken | Hide,7,1,2,1,0,0,0,0,17,Assets/Scripts/UI/SpeakingCharacterIndicator.cs:9 | Assets/Editor/Chapter2RegressionTests.cs:3 | Assets/Scripts/Audio/DialogueSpeechService.cs:3 | Assets/Scripts/UI/SubtitleService.cs:2,9963bb0aa9d84cc7a8cb801c668a92ee,0,
SubtitleLine,class,,Assets/Scripts/UI/SubtitleLine.cs,Runtime,14,,,0,0,0,0,0,0,0,0,7,Assets/Scripts/UI/SubtitleLineBank.cs:4 | Assets/Scripts/UI/SubtitleService.cs:2 | Assets/Editor/Chapter2RegressionTests.cs:1,4472b689444388ba58d2ecf5cf9beacf,0,
SubtitleSpeakerPortraitBinding,class,,Assets/Scripts/UI/SubtitleLineBank.cs,Runtime,68,,TryGetLine | TryGetSpeakerPortrait,0,0,0,0,0,0,0,0,3,Assets/Scripts/UI/SubtitleLineBank.cs:3,695dfb43a57e4ce745980f19b1666ddc,1,Assets/Resources/UI/SubtitleLineBank.asset:1
SubtitleLineBank,class,ScriptableObject,Assets/Scripts/UI/SubtitleLineBank.cs,Runtime,68,,TryGetLine | TryGetSpeakerPortrait,0,0,0,0,0,0,0,0,8,Assets/Scripts/UI/SubtitleService.cs:3 | Assets/Editor/Chapter2RegressionTests.cs:2 | Assets/Editor/SubtitlePresentationRegressionTests.cs:2 | Assets/Scripts/UI/SubtitleLineBank.cs:1,695dfb43a57e4ce745980f19b1666ddc,1,Assets/Resources/UI/SubtitleLineBank.asset:1
SubtitleService,class,MonoBehaviour,Assets/Scripts/UI/SubtitleService.cs,Runtime,795,Update | OnDisable,FindOrCreate | SetDebugMode | ShowLine | ShowPersistentLine | TryResolveSpeechLine | ShowSpeechLine | HideCurrent | ClearAll,4,1,7,2,0,0,0,0,21,Assets/Scripts/UI/SubtitleService.cs:7 | Assets/_Chateau/Scripts/Chapter/Chapter01/Chapter1ArrivalController.cs:3 | Assets/_Chateau/Scripts/Chapter/Chapter02/Chapter2Controller.cs:3 | Assets/Scripts/Audio/DialogueSpeechService.cs:2 | Assets/Scripts/Story/ChapterManager.cs:2 | Assets/Scripts/UI/RuntimeSettingsMenu.cs:2 | Assets/Editor/Chapter2RegressionTests.cs:1 | Assets/Editor/SubtitlePresentationRegressionTests.cs:1,6a672186a99c3d17e3288fac89b25221,0,
UrpPostProcessingBootstrap,class,,Assets/Scripts/UrpPostProcessingBootstrap.cs,Runtime,66,,,1,0,0,1,1,0,0,0,1,Assets/Editor/RoomLightingRegressionTests.cs:1,ecd7d6b61c5aa98479304e3530e778db,0,
Chapter1ArrivalController,class,MonoBehaviour,Assets/_Chateau/Scripts/Chapter/Chapter01/Chapter1ArrivalController.cs,Runtime,7193,Awake | OnEnable | OnDisable,CanTakeCoat | BeginChapter1 | PrepareGuestsForChapterStart | PrepareGuestsForChapter2Skip | HideGuestCoatsForChapter2Skip | RefreshChapter2SkipGuestVisibilityAfterRoomChange | TriggerNextGuest | AnswerFrontDoor | TryGetFrontDoorApproachDestination | IsButlerCloseToFrontDoor | HandleCoatClicked | HandleClosetClicked | TryCompleteChapterFromDrawingRoomExit | BuildShortHudState | BuildDebugState | ValidateRequiredReferences,27,3,7,27,0,0,0,1,37,Assets/_Chateau/Scripts/Chapter/Chapter01/Chapter1ArrivalController.cs:17 | Assets/Scripts/Story/ChapterManager.cs:6 | Assets/_Chateau/Scripts/Chapter/Chapter01/Chapter1CoatPickup.cs:4 | Assets/_Chateau/Scripts/Chapter/Chapter01/Chapter1SceneAction.cs:3 | Assets/_Chateau/Scripts/Chapter/Chapter01/Chapter1InteractionHUD.cs:2 | Assets/Editor/Chapter1GuestRoomVisibilityRegressionTests.cs:1 | Assets/Editor/Chapter2RegressionTests.cs:1 | Assets/Editor/CharacterRegressionTests.cs:1 | Assets/Editor/NavigationRegressionTests.cs:1 | Assets/Editor/RoomProjectionRegressionTests.cs:1,b5ee7e3d0f5a428cb5e5a6617725817f,1,Assets/Scenes/Gameplay.unity:1
Chapter1CoatPickup,class,MonoBehaviour | IPointerClickHandler | IPointerEnterHandler | IPointerExitHandler,Assets/_Chateau/Scripts/Chapter/Chapter01/Chapter1CoatPickup.cs,Runtime,245,Update | OnDisable,Initialize | OnPointerClick | OnPointerEnter | OnPointerExit,2,0,0,0,0,0,0,0,19,Assets/_Chateau/Scripts/Chapter/Chapter01/Chapter1ArrivalController.cs:17 | Assets/Editor/Chapter1GuestRoomVisibilityRegressionTests.cs:1 | Assets/Editor/NavigationRegressionTests.cs:1,a59ddc6dded9613c01de27aeab93714a,0,
Chapter1InteractionHUD,class,MonoBehaviour,Assets/_Chateau/Scripts/Chapter/Chapter01/Chapter1InteractionHUD.cs,Runtime,164,Update,Initialize | SetHangCoatAvailable,3,0,3,0,0,0,0,0,4,Assets/_Chateau/Scripts/Chapter/Chapter01/Chapter1ArrivalController.cs:3 | Assets/Editor/NavigationRegressionTests.cs:1,a7a7a747ac7ae2fb48c9d60608ca3dc9,0,
Chapter1SceneActionType,enum,,Assets/_Chateau/Scripts/Chapter/Chapter01/Chapter1SceneAction.cs,Runtime,553,Update | OnDisable,Initialize | SetAvailable | OnPointerClick | OnPointerEnter | OnPointerExit,4,0,0,0,0,0,0,0,22,Assets/_Chateau/Scripts/Chapter/Chapter01/Chapter1SceneAction.cs:16 | Assets/_Chateau/Scripts/Chapter/Chapter01/Chapter1ArrivalController.cs:5 | Assets/Editor/Chapter1GuestRoomVisibilityRegressionTests.cs:1,7a33ae09185ce66224eb1fc576eef96d,1,Assets/Scenes/Gameplay.unity:1
Chapter1SceneAction,class,MonoBehaviour | IPointerClickHandler | IPointerEnterHandler | IPointerExitHandler,Assets/_Chateau/Scripts/Chapter/Chapter01/Chapter1SceneAction.cs,Runtime,553,Update | OnDisable,Initialize | SetAvailable | OnPointerClick | OnPointerEnter | OnPointerExit,4,0,0,0,0,0,0,0,13,Assets/_Chateau/Scripts/Chapter/Chapter01/Chapter1ArrivalController.cs:10 | Assets/Editor/Chapter1GuestRoomVisibilityRegressionTests.cs:2 | Assets/Editor/NavigationRegressionTests.cs:1,7a33ae09185ce66224eb1fc576eef96d,1,Assets/Scenes/Gameplay.unity:1
GuestArrivalConfig,class,,Assets/_Chateau/Scripts/Chapter/Chapter01/GuestArrivalConfig.cs,Runtime,146,,ConfigureRuntime | SetAssignedSeat | ResolveActorState | ResolveGuestObject | GetFrontDoorArrivalPoint | GetDrawingRoomEntryPoint | GetAssignedSeat,0,0,0,1,0,0,0,0,13,Assets/_Chateau/Scripts/Chapter/Chapter01/Chapter1ArrivalController.cs:13,870849ad4e4741fb8aa0365c5fe80b83,0,
GuestArrivalState,enum,,Assets/_Chateau/Scripts/Chapter/Chapter01/GuestArrivalConfig.cs,Runtime,146,,ConfigureRuntime | SetAssignedSeat | ResolveActorState | ResolveGuestObject | GetFrontDoorArrivalPoint | GetDrawingRoomEntryPoint | GetAssignedSeat,0,0,0,1,0,0,0,0,14,Assets/_Chateau/Scripts/Chapter/Chapter01/Chapter1ArrivalController.cs:14,870849ad4e4741fb8aa0365c5fe80b83,0,
Chapter2Phase,enum,,Assets/_Chateau/Scripts/Chapter/Chapter02/Chapter2Controller.cs,Runtime,1330,Update | OnDestroy,BeginChapter2 | HandleAddressGuestsPrompt | HandleAllGuestsFound | DebugSkipToChapter3ForTesting | DebugSkipToSevenPMForTesting | DebugResetForChapter2Skip | HandleGuestSearchProgressChanged | SetGuestConversationInputEnabled | ShowGuestConversation | ShowGuestConversationWithSubtitle | ShowGuestConversationLineWithVoice | ClearGuestConversation | ShowSubtitleLine | ClearSubtitles,7,1,0,5,0,0,0,0,31,Assets/_Chateau/Scripts/Chapter/Chapter02/Chapter2Controller.cs:22 | Assets/Editor/Chapter2RegressionTests.cs:8 | Assets/Scripts/Story/ChapterManager.cs:1,d033cee2bc03c0ce4a5ca7f25996fb46,0,
Chapter2Controller,class,MonoBehaviour,Assets/_Chateau/Scripts/Chapter/Chapter02/Chapter2Controller.cs,Runtime,1330,Update | OnDestroy,BeginChapter2 | HandleAddressGuestsPrompt | HandleAllGuestsFound | DebugSkipToChapter3ForTesting | DebugSkipToSevenPMForTesting | DebugResetForChapter2Skip | HandleGuestSearchProgressChanged | SetGuestConversationInputEnabled | ShowGuestConversation | ShowGuestConversationWithSubtitle | ShowGuestConversationLineWithVoice | ClearGuestConversation | ShowSubtitleLine | ClearSubtitles,7,1,0,5,0,0,0,0,30,Assets/Editor/Chapter2RegressionTests.cs:15 | Assets/Scripts/Story/ChapterManager.cs:10 | Assets/_Chateau/Scripts/Chapter/Chapter02/Chapter2GuestSearchController.cs:2 | Assets/_Chateau/Scripts/Chapter/Chapter02/Chapter2InteractionHUD.cs:2 | Assets/Editor/NavigationRegressionTests.cs:1,d033cee2bc03c0ce4a5ca7f25996fb46,0,
Chapter2GuestFindAction,class,MonoBehaviour | IPointerClickHandler | IPointerEnterHandler | IPointerExitHandler,Assets/_Chateau/Scripts/Chapter/Chapter02/Chapter2GuestFindAction.cs,Runtime,387,Update | OnDisable,IsPointerOverAvailableGuestAction | Initialize | SetAvailable | OnPointerClick | OnPointerEnter | OnPointerExit,2,0,0,0,0,0,0,0,36,Assets/_Chateau/Scripts/Chapter/Chapter02/Chapter2GuestSearchController.cs:12 | Assets/Editor/Chapter2RegressionTests.cs:10 | Assets/_Chateau/Scripts/Chapter/Chapter02/Chapter2GuestFindAction.cs:9 | Assets/Scripts/Navigation/DoorTriggerNavigation.cs:2 | Assets/Scripts/PointClickPlayerMovement.cs:2 | Assets/Editor/NavigationRegressionTests.cs:1,b8faabacef795789f93845fa56d3cd77,0,
Chapter2GuestPanicController,class,MonoBehaviour,Assets/_Chateau/Scripts/Chapter/Chapter02/Chapter2GuestPanicController.cs,Runtime,2814,LateUpdate | OnDisable,BeginPanic | RunExitToDoorsThenRestoreRoutine | BeginExitToDoors | StopPanic | Create | ConfigureRunMotion | SetControlledByScript | ConfigurePanicScream | ConfigureFootsteps | PlayPanicScream | SetFootstepsMoving | PlayFootsteps | StopFootsteps | ApplyPanicState | ChooseNextRunTarget | GetRunClipFrameIndex | SetStopAction | SetCurrentRunAction | HideAfterExitArrival | BeginScriptedAnimatorWalk | UpdateScriptedAnimatorWalk | StopScriptedAnimatorWalk | ChooseDirectionalRunTarget | TryChooseRoutedDirectionalRunTarget | TryChooseRoutedRunTarget | TryChooseExitTarget | GetCurrentHorizontalPosition | GetStopClipFrameIndex | MovePanicOffsetTowardCurrentTarget | GetPanicOffset | ApplyPanicVisualOffset | ReapplyPanicVisualOffset | SetSprite | ApplyVisualOffset | Restore,6,3,1,2,0,0,0,0,9,Assets/Editor/Chapter2RegressionTests.cs:4 | Assets/_Chateau/Scripts/Chapter/Chapter02/Chapter2Controller.cs:3 | Assets/Editor/GuestButlerScaleRegressionTests.cs:1 | Assets/Editor/NavigationRegressionTests.cs:1,aa4143ddf6de4b6b9b8c1edc0f9e2a31,0,
Chapter2GuestSearchController,class,MonoBehaviour,Assets/_Chateau/Scripts/Chapter/Chapter02/Chapter2GuestSearchController.cs,Runtime,2745,OnDisable,Initialize | BeginSearch | DebugStageAllGuestsFoundForChapter3Skip | DebugStageAllGuestsFoundForSevenPMSkip | AutoDiscoverGuestsIfNeeded | AutoAssignHideAnchorsIfNeeded | MarkGuestFound | TryStartGuestConversation | GetFoundGuestIdsInOrder | GetFoundGuestDisplayNamesInOrder | GetFoundActorsInOrder | GetGuestActorsInIdentityOrder | SeatFoundGuestsInDiningRoom | SeatGuestsInDiningRoom | PrepareGuestsForDiningTransfer,6,0,2,3,0,0,0,0,15,Assets/Editor/Chapter2RegressionTests.cs:4 | Assets/_Chateau/Scripts/Chapter/Chapter02/Chapter2Controller.cs:4 | Assets/_Chateau/Scripts/Chapter/Chapter02/Chapter2GuestPanicController.cs:4 | Assets/_Chateau/Scripts/Chapter/Chapter02/Chapter2GuestFindAction.cs:3,5daaf625b50c2b1048154975a147950a,0,
Chapter2InteractionHUD,class,MonoBehaviour,Assets/_Chateau/Scripts/Chapter/Chapter02/Chapter2InteractionHUD.cs,Runtime,1104,Update,Initialize | SetObjective | SetStatus | ClearStatus | SetPrimaryAction | ClearPrimaryAction | SetDialogue | SetDialogueChoices | SetDialogueChoicesInteractable | SetDialogueSkipAction | ClearDialogue | ShowClockStrike | ClearClockStrike | SetFoundGuests,2,2,12,0,0,0,0,0,8,Assets/_Chateau/Scripts/Chapter/Chapter02/Chapter2Controller.cs:4 | Assets/Editor/Chapter2RegressionTests.cs:3 | Assets/Editor/NavigationRegressionTests.cs:1,b289ee33ba1c90aaab63dd6ba9f56d9d,1,Assets/Scenes/Gameplay.unity:1
Chapter2MonsterStingerController,class,MonoBehaviour,Assets/_Chateau/Scripts/Chapter/Chapter02/Chapter2MonsterStingerController.cs,Runtime,884,OnDisable | OnDestroy,BeginStinger | StopStinger | PlayStinger,3,3,0,2,0,0,0,0,8,Assets/_Chateau/Scripts/Chapter/Chapter02/Chapter2Controller.cs:4 | Assets/Editor/Chapter2RegressionTests.cs:3 | Assets/Editor/NavigationRegressionTests.cs:1,684198ee76c12a66cb4335c3ab64b1bc,0,
Chapter2PanicAnimationLibrary,class,ScriptableObject,Assets/_Chateau/Scripts/Chapter/Chapter02/Chapter2PanicAnimationLibrary.cs,Runtime,196,,TryGetCharacter | HasCompleteRoster | Configure | HasRequiredFrames | TryGetCharacterIdForGuestNumber,0,0,0,0,0,0,0,0,10,Assets/_Chateau/Scripts/Chapter/Chapter02/Chapter2GuestPanicController.cs:4 | Assets/Editor/Chapter2PanicAnimationLibraryBuilder.cs:3 | Assets/Editor/Chapter2RegressionTests.cs:3,d4c6f909e43b4c3680a0b52c6d0f8e01,1,Assets/Resources/Chapter2/PanicAnimationLibrary.asset:1
Chapter2PanicCharacterAnimation,class,,Assets/_Chateau/Scripts/Chapter/Chapter02/Chapter2PanicAnimationLibrary.cs,Runtime,196,,TryGetCharacter | HasCompleteRoster | Configure | HasRequiredFrames | TryGetCharacterIdForGuestNumber,0,0,0,0,0,0,0,0,19,Assets/_Chateau/Scripts/Chapter/Chapter02/Chapter2PanicAnimationLibrary.cs:8 | Assets/_Chateau/Scripts/Chapter/Chapter02/Chapter2GuestPanicController.cs:7 | Assets/Editor/Chapter2PanicAnimationLibraryBuilder.cs:4,d4c6f909e43b4c3680a0b52c6d0f8e01,1,Assets/Resources/Chapter2/PanicAnimationLibrary.asset:1
Chapter2PanicRoster,class,,Assets/_Chateau/Scripts/Chapter/Chapter02/Chapter2PanicAnimationLibrary.cs,Runtime,196,,TryGetCharacter | HasCompleteRoster | Configure | HasRequiredFrames | TryGetCharacterIdForGuestNumber,0,0,0,0,0,0,0,0,11,Assets/Editor/Chapter2PanicAnimationLibraryBuilder.cs:4 | Assets/_Chateau/Scripts/Chapter/Chapter02/Chapter2GuestSearchController.cs:4 | Assets/_Chateau/Scripts/Chapter/Chapter02/Chapter2PanicAnimationLibrary.cs:2 | Assets/_Chateau/Scripts/Chapter/Chapter02/Chapter2GuestPanicController.cs:1,d4c6f909e43b4c3680a0b52c6d0f8e01,1,Assets/Resources/Chapter2/PanicAnimationLibrary.asset:1
